env_id,timestamp,env_mode,env_frequency,env_source_count,env_receiver_count,env_range_count,env_max_depth,env_ssp_type,prt_mode,prt_success,prt_error_msg,prt_freq,prt_ssp_points,prt_ssp_min_speed,prt_ssp_max_speed,prt_ssp_mean_speed,prt_ssp_std_speed,prt_depth_min,prt_depth_max,prt_depth_range,prt_source_depths,prt_receiver_depths,prt_ranges,prt_beam_angles,prt_run_time,arr_arrival_count,arr_min_time,arr_max_time,arr_mean_time,arr_std_time,arr_min_amplitude,arr_max_amplitude,arr_mean_amplitude,arr_std_amplitude,arr_angle_spread,arr_phase_variance,ray_ray_count,ray_total_points,ray_max_range,ray_max_depth,ray_avg_ray_length,ray_path_complexity,ray_turning_points,ray_bounce_count,shd_grid_size,shd_range_extent,shd_depth_extent,shd_min_tl,shd_max_tl,shd_mean_tl,shd_std_tl,shd_tl_gradient,shd_energy_distribution
B001_arr,2025-08-14 14:02:08.582881,arr,,0,0,0,5232.0,A'				! Run type,arr,1,,949.8,54,1474.6,1600.0,1490.1266666666666,16.761280336493353,0.0,5432.0,5432.0,[94.3],"[0.0, 5232.0]","[0.0, 50.0]","[-11.6, -10.8, -10.0, -9.2, -8.4, -7.6, -6.8, -6.0, -5.2, -4.4, 11.6]",0.0469,20472.0,0.150923043,220.5,18.85876839611782,7.716895627784763,6.97921776e-10,201.0,0.011994233650770183,1.43801957534497,441.0,10798.696060187976,,,,,,,,,,,,,,,,,
B001_ray,2025-08-14 14:02:08.615518,ray,,0,0,0,5232.0,A' 0.0,ray,1,,949.8,54,1474.6,1600.0,1490.1266666666666,16.761280336493353,0.0,5432.0,5432.0,"[31.9, 167.9]","[0.0, 5232.0]","[0.0, 50.0]","[-16.3, -15.2484, -14.1968, -13.1452, -12.0935, -11.0419, -9.99032, -8.93871, -7.8871, -6.83548, 16.3]",0.0156,,,,,,,,,,,,1.0,22875.0,50495.676590412986,5232.001415348922,6451421.115091439,448.1460980878074,186.0,0.0,,,,,,,,,
B001_shd,2025-08-14 14:02:08.870676,shd,,0,0,0,5232.0,C'				! Run type,shd,1,,949.8,54,1474.6,1600.0,1490.1266666666666,16.761280336493353,0.0,5432.0,5432.0,[195.8],"[0.0, 5232.0]","[0.0, 50.0]","[-70.8, -70.787, -70.7739, -70.7609, -70.7479, -70.7348, -70.7218, -70.7088, -70.6957, -70.6827, 75.0]",1.5,,,,,,,,,,,,,,,,,,,,0.0,0.0,0.0,,,,,,
B002_arr,2025-08-14 14:02:09.230842,arr,,0,0,0,406.6,A'				! Run type,arr,1,,1997.0,26,1494.46,1600.0,1505.2823076923078,19.259263367112123,0.0,606.6,606.6,[124.1],"[0.0, 406.6]","[0.0, 50.0]","[-12.7, -11.9062, -11.1125, -10.3187, -9.525, -8.73125, -7.9375, -7.14375, -6.35, -5.55625, 12.7]",0.438,223392.0,0.169484347,255.0,19.68664646033532,8.470544067883258,4.1169641e-09,201.0,0.0011270922293050666,0.43673753083749783,510.0,624654.8754389293,,,,,,,,,,,,,,,,,
B002_ray,2025-08-14 14:02:09.543134,ray,,0,0,0,406.6,A' 0.0,ray,1,,1997.0,26,1494.46,1600.0,1505.2823076923078,19.259263367112123,0.0,606.6,606.6,"[161.4, 274.6]","[0.0, 406.6]","[0.0, 50.0]","[-16.5, -15.125, -13.75, -12.375, -11.0, -9.625, -8.25, -6.875, -5.5, -4.125, 16.5]",0.141,,,,,,,,,,,,1.0,125977.0,50039.21740170372,406.60012403559705,5002786.393694363,532.7105423820103,118.0,0.0,,,,,,,,,
B002_shd,2025-08-14 14:02:10.969526,shd,,0,0,0,406.6,C'				! Run type,shd,1,,1997.0,26,1494.46,1600.0,1505.2823076923078,19.259263367112123,0.0,606.6,606.6,[56.5],"[0.0, 406.6]","[0.0, 50.0]","[-70.1, -70.0916, -70.0832, -70.0748, -70.0664, -70.058, -70.0496, -70.0413, -70.0329, -70.0245, 79.4]",3.06,,,,,,,,,,,,,,,,,,,,0.0,0.0,0.0,,,,,,
B003_arr,2025-08-14 14:02:11.267973,arr,,0,0,0,2907.4,A'				! Run type,arr,1,,1368.0,38,1478.52,1600.0,1499.8823684210527,18.67323223990209,0.0,3107.4,3107.4,[148.6],"[0.0, 2907.4]","[0.0, 50.0]","[-16.5, -14.85, -13.2, -11.55, -9.9, -8.25, -6.6, -4.95, -3.3, -1.65, 16.5]",0.0781,41897.0,0.149274424,223.999985,19.069351579237654,7.8770621605294,8.57508564e-10,201.0,0.005877672329636563,1.0052200761347936,447.999969,27590.324068173282,,,,,,,,,,,,,,,,,
B003_ray,2025-08-14 14:02:11.326781,ray,,0,0,0,2907.4,A' 0.0,ray,1,,1368.0,38,1478.52,1600.0,1499.8823684210527,18.67323223990209,0.0,3107.4,3107.4,[96.7],"[0.0, 2907.4]","[0.0, 50.0]","[-24.7, -22.5522, -20.4043, -18.2565, -16.1087, -13.9609, -11.813, -9.66522, -7.51739, -5.36957, 24.7]",0.0156,,,,,,,,,,,,1.0,16015.0,50284.833749710946,2907.4012681150602,2415729.318084834,178.03218231203167,71.0,0.0,,,,,,,,,
B003_shd,2025-08-14 14:02:11.521127,shd,,0,0,0,2907.4,C'				! Run type,shd,1,,1368.0,38,1478.52,1600.0,1499.8823684210527,18.67323223990209,0.0,3107.4,3107.4,[183.0],"[0.0, 2907.4]","[0.0, 50.0]","[-84.8, -84.7885, -84.7771, -84.7656, -84.7542, -84.7427, -84.7313, -84.7198, -84.7084, -84.6969, 70.3]",1.5,,,,,,,,,,,,,,,,,,,,0.0,0.0,0.0,,,,,,
B004_arr,2025-08-14 14:02:11.862073,arr,,0,0,0,2560.6,A'				! Run type,arr,1,,973.4,37,1460.0,1600.0,1467.0945945945946,22.595840157055772,0.0,2760.6,2760.6,[62.6],"[0.0, 2560.6]","[0.0, 50.0]","[-20.5, -19.0862, -17.6724, -16.2586, -14.8448, -13.431, -12.0172, -10.6034, -9.18966, -7.77586, 20.5]",0.125,75433.0,0.18808499,270.5,23.182772812214047,8.1339705050738,1.4103417e-10,201.0,0.003107071579931427,0.7410487033905573,541.0,45286.247142800145,,,,,,,,,,,,,,,,,
B004_ray,2025-08-14 14:02:11.972451,ray,,0,0,0,2560.6,A' 0.0,ray,1,,973.4,37,1460.0,1600.0,1467.0945945945946,22.595840157055772,0.0,2760.6,2760.6,[179.5],"[0.0, 2560.6]","[0.0, 50.0]","[-23.2, -21.9459, -20.6919, -19.4378, -18.1838, -16.9297, -15.6757, -14.4216, -13.1676, -11.9135, 23.2]",0.0,,,,,,,,,,,,1.0,18589.0,50240.28180429439,2560.600967243107,3816314.2228382607,248.16504801312385,113.0,0.0,,,,,,,,,
B004_shd,2025-08-14 14:02:12.199690,shd,,0,0,0,2560.6,C'				! Run type,shd,1,,973.4,37,1460.0,1600.0,1467.0945945945946,22.595840157055772,0.0,2760.6,2760.6,[186.0],"[0.0, 2560.6]","[0.0, 50.0]","[-87.8, -87.7841, -87.7682, -87.7523, -87.7364, -87.7205, -87.7046, -87.6887, -87.6728, -87.6569, 79.9]",1.08,,,,,,,,,,,,,,,,,,,,0.0,0.0,0.0,,,,,,
B005_arr,2025-08-14 14:02:12.529237,arr,,0,0,0,1039.1,A'				! Run type,arr,1,,1007.0,34,1478.57,1600.0,1491.7364705882353,19.942671937677783,0.0,1239.1,1239.1,"[86.0, 104.2, 267.1]","[0.0, 1039.1]","[0.0, 50.0]","[-21.4, -19.5391, -17.6783, -15.8174, -13.9565, -12.0957, -10.2348, -8.37391, -6.51304, -4.65217, 21.4]",0.547,269393.0,0.184234843,275.5,19.989694607506657,8.797879997652824,9.68386593e-10,201.0,0.0008965699914964305,0.39276050760795783,551.0,248871.3365613563,,,,,,,,,,,,,,,,,
B005_ray,2025-08-14 14:02:12.921071,ray,,0,0,0,1039.1,A' 0.0,ray,1,,1007.0,34,1478.57,1600.0,1491.7364705882353,19.942671937677783,0.0,1239.1,1239.1,"[53.9, 243.8, 291.4]","[0.0, 1039.1]","[0.0, 50.0]","[-18.8, -17.5467, -16.2933, -15.04, -13.7867, -12.5333, -11.28, -10.0267, -8.77333, -7.52, 18.8]",0.141,,,,,,,,,,,,1.0,129056.0,50102.46516203398,1039.100398507457,9395514.783232622,892.3875079750081,248.0,0.0,,,,,,,,,
B005_shd,2025-08-14 14:02:14.371262,shd,,0,0,0,1039.1,C'				! Run type,shd,1,,1007.0,34,1478.57,1600.0,1491.7364705882353,19.942671937677783,0.0,1239.1,1239.1,[197.1],"[0.0, 1039.1]","[0.0, 50.0]","[-77.8, -77.7853, -77.7705, -77.7558, -77.7411, -77.7263, -77.7116, -77.6969, -77.6821, -77.6674, 82.7]",1.56,,,,,,,,,,,,,,,,,,,,0.0,0.0,0.0,,,,,,
B006_arr,2025-08-14 14:02:14.697480,arr,,0,0,0,1574.9,A'				! Run type,arr,1,,1133.0,32,1489.35,1600.0,1501.8490625,18.720689316798513,0.0,1774.9,1774.9,"[53.5, 164.6, 175.0]","[0.0, 1574.9]","[0.0, 50.0]","[-18.8, -17.296, -15.792, -14.288, -12.784, -11.28, -9.776, -8.272, -6.768, -5.264, 18.8]",0.594,316321.0,0.138612658,208.999985,18.551802197412112,6.973135696509421,7.8336182e-10,201.0,0.0008076175089109601,0.36662007726370505,417.999969,92139.99600510964,,,,,,,,,,,,,,,,,
B006_ray,2025-08-14 14:02:15.149096,ray,,0,0,0,1574.9,A' 0.0,ray,1,,1133.0,32,1489.35,1600.0,1501.8490625,18.720689316798513,0.0,1774.9,1774.9,"[32.0, 282.1]","[0.0, 1574.9]","[0.0, 50.0]","[-13.4, -12.5355, -11.671, -10.8065, -9.94194, -9.07742, -8.2129, -7.34839, -6.48387, -5.61935, 13.4]",0.0469,,,,,,,,,,,,1.0,45075.0,50147.55293778306,1574.900368889991,6406019.09381833,497.95379028902,164.0,0.0,,,,,,,,,
B006_shd,2025-08-14 14:02:15.656691,shd,,0,0,0,1574.9,C'				! Run type,shd,1,,1133.0,32,1489.35,1600.0,1501.8490625,18.720689316798513,0.0,1774.9,1774.9,[111.6],"[0.0, 1574.9]","[0.0, 50.0]","[-70.4, -70.3855, -70.3711, -70.3566, -70.3421, -70.3277, -70.3132, -70.2987, -70.2842, -70.2698, 72.2]",1.2,,,,,,,,,,,,,,,,,,,,0.0,0.0,0.0,,,,,,
B007_arr,2025-08-14 14:02:15.975583,arr,,0,0,0,5365.5,A'				! Run type,arr,1,,959.1,55,1480.12,1600.0,1495.7945454545454,16.266516620813647,0.0,5565.5,5565.5,"[140.4, 238.4]","[0.0, 5365.5]","[0.0, 50.0]","[-10.2, -9.58182, -8.96364, -8.34545, -7.72727, -7.10909, -6.49091, -5.87273, -5.25455, -4.63636, 10.2]",0.0625,32623.0,0.189386755,284.5,22.206037144968214,8.886718417863733,1.09284048e-09,201.0,0.00747216830630095,1.1368540782802647,569.0,10455.357210324564,,,,,,,,,,,,,,,,,
B007_ray,2025-08-14 14:02:16.023425,ray,,0,0,0,5365.5,A' 0.0,ray,1,,959.1,55,1480.12,1600.0,1495.7945454545454,16.266516620813647,0.0,5565.5,5565.5,"[138.2, 154.7, 285.8]","[0.0, 5365.5]","[0.0, 50.0]","[-12.3, -11.3538, -10.4077, -9.46154, -8.51538, -7.56923, -6.62308, -5.67692, -4.73077, -3.78462, 12.3]",0.0312,,,,,,,,,,,,1.0,24894.0,50526.61940581925,5365.501137132398,8165635.721078208,567.5784808103082,242.0,0.0,,,,,,,,,
B007_shd,2025-08-14 14:02:16.307481,shd,,0,0,0,5365.5,C'				! Run type,shd,1,,959.1,55,1480.12,1600.0,1495.7945454545454,16.266516620813647,0.0,5565.5,5565.5,[165.7],"[0.0, 5365.5]","[0.0, 50.0]","[-82.5, -82.486, -82.472, -82.4581, -82.4441, -82.4301, -82.4161, -82.4021, -82.3882, -82.3742, 71.4]",1.59,,,,,,,,,,,,,,,,,,,,0.0,0.0,0.0,,,,,,
B008_arr,2025-08-14 14:02:16.642145,arr,,0,0,0,437.3,A'				! Run type,arr,1,,1577.0,32,1492.69,1600.0,1506.7909375,17.25522246295578,0.0,637.3,637.3,[111.2],"[0.0, 437.3]","[0.0, 50.0]","[-18.3, -16.5571, -14.8143, -13.0714, -11.3286, -9.58571, -7.84286, -6.1, -4.35714, -2.61429, 18.3]",0.203,106583.0,0.15707846,237.5,17.828338100995328,8.61731785746265,6.44757403e-09,201.0,0.0022532098736094226,0.6254687540636733,475.0,857484.6370509361,,,,,,,,,,,,,,,,,
B008_ray,2025-08-14 14:02:16.785669,ray,,0,0,0,437.3,A' 0.0,ray,1,,1577.0,32,1492.69,1600.0,1506.7909375,17.25522246295578,0.0,637.3,637.3,"[247.8, 289.9]","[0.0, 437.3]","[0.0, 50.0]","[-24.2, -22.6875, -21.175, -19.6625, -18.15, -16.6375, -15.125, -13.6125, -12.1, -10.5875, 24.2]",0.266,,,,,,,,,,,,1.0,199294.0,50041.53139324465,437.3001939941022,6058007.088633149,813.4560732522172,149.0,0.0,,,,,,,,,
B008_shd,2025-08-14 14:02:19.002298,shd,,0,0,0,437.3,C'				! Run type,shd,1,,1577.0,32,1492.69,1600.0,1506.7909375,17.25522246295578,0.0,637.3,637.3,[137.5],"[0.0, 437.3]","[0.0, 50.0]","[-81.6, -81.5871, -81.5742, -81.5613, -81.5485, -81.5356, -81.5227, -81.5098, -81.4969, -81.484, 87.9]",2.69,,,,,,,,,,,,,,,,,,,,0.0,0.0,0.0,,,,,,
B009_arr,2025-08-14 14:02:19.338173,arr,,0,0,0,3105.4,A'				! Run type,arr,1,,1690.0,43,1482.91,1600.0,1499.54,17.610550880809527,0.0,3305.4,3305.4,"[216.5, 243.3, 289.8]","[0.0, 3105.4]","[0.0, 50.0]","[-17.8, -16.8111, -15.8222, -14.8333, -13.8444, -12.8556, -11.8667, -10.8778, -9.88889, -8.9, 17.8]",0.25,130411.0,0.185881272,280.0,22.427725565998006,8.30189693661041,1.25066554e-10,201.0,0.0018081777262496804,0.5636012038810049,560.0,30918.68122419098,,,,,,,,,,,,,,,,,
B009_ray,2025-08-14 14:02:19.521560,ray,,0,0,0,3105.4,A' 0.0,ray,1,,1690.0,43,1482.91,1600.0,1499.54,17.610550880809527,0.0,3305.4,3305.4,[185.5],"[0.0, 3105.4]","[0.0, 50.0]","[-19.7, -18.0583, -16.4167, -14.775, -13.1333, -11.4917, -9.85, -8.20833, -6.56667, -4.925, 19.7]",0.0156,,,,,,,,,,,,1.0,14692.0,50287.002376207194,3105.4009727094603,2499328.6309851627,187.8022394988882,74.0,0.0,,,,,,,,,
B009_shd,2025-08-14 14:02:19.691989,shd,,0,0,0,3105.4,C'				! Run type,shd,1,,1690.0,43,1482.91,1600.0,1499.54,17.610550880809527,0.0,3305.4,3305.4,[154.6],"[0.0, 3105.4]","[0.0, 50.0]","[-84.1, -84.0906, -84.0811, -84.0717, -84.0623, -84.0528, -84.0434, -84.0339, -84.0245, -84.0151, 88.5]",2.22,,,,,,,,,,,,,,,,,,,,0.0,0.0,0.0,,,,,,
B010_arr,2025-08-14 14:02:20.026870,arr,,0,0,0,2621.6,A'				! Run type,arr,1,,988.4,39,1460.0,1600.0,1467.8348717948718,22.051456591438043,0.0,2821.6,2821.6,"[153.5, 262.2]","[0.0, 2621.6]","[0.0, 50.0]","[-15.9, -14.3857, -12.8714, -11.3571, -9.84286, -8.32857, -6.81429, -5.3, -3.78571, -2.27143, 15.9]",0.25,134349.0,0.19216615,281.499969,22.578131617334144,8.367226444697287,4.08120704e-10,201.0,0.0018584648342831495,0.5625507637196785,562.999939,34782.497147922375,,,,,,,,,,,,,,,,,
B010_ray,2025-08-14 14:02:20.209294,ray,,0,0,0,2621.6,A' 0.0,ray,1,,988.4,39,1460.0,1600.0,1467.8348717948718,22.051456591438043,0.0,2821.6,2821.6,"[31.4, 98.2, 106.0]","[0.0, 2621.6]","[0.0, 50.0]","[-20.4, -18.6261, -16.8522, -15.0783, -13.3043, -11.5304, -9.75652, -7.98261, -6.2087, -4.43478, 20.4]",0.0469,,,,,,,,,,,,1.0,37200.0,50256.43077761702,2621.6008056384476,7259936.103013499,483.3946439395985,198.0,0.0,,,,,,,,,
B010_shd,2025-08-14 14:02:20.628908,shd,,0,0,0,2621.6,C'				! Run type,shd,1,,988.4,39,1460.0,1600.0,1467.8348717948718,22.051456591438043,0.0,2821.6,2821.6,[122.1],"[0.0, 2621.6]","[0.0, 50.0]","[-78.2, -78.1856, -78.1712, -78.1568, -78.1424, -78.128, -78.1136, -78.0993, -78.0849, -78.0705, 86.5]",1.23,,,,,,,,,,,,,,,,,,,,0.0,0.0,0.0,,,,,,
B011_arr,2025-08-14 14:02:20.959799,arr,,0,0,0,1081.7,A'				! Run type,arr,1,,1209.0,27,1480.1,1600.0,1495.1211111111113,21.704925423836894,0.0,1281.7,1281.7,"[65.5, 264.4, 290.1]","[0.0, 1081.7]","[0.0, 50.0]","[-10.5, -9.72222, -8.94444, -8.16667, -7.38889, -6.61111, -5.83333, -5.05556, -4.27778, -3.5, 10.5]",0.484,295418.0,0.144817084,216.5,19.408517189344835,7.0006654585839145,1.67238612e-10,201.0,0.0008421460454786999,0.3777952554404171,433.0,73125.28572558817,,,,,,,,,,,,,,,,,
B011_ray,2025-08-14 14:02:21.373455,ray,,0,0,0,1081.7,A' 0.0,ray,1,,1209.0,27,1480.1,1600.0,1495.1211111111113,21.704925423836894,0.0,1281.7,1281.7,[98.1],"[0.0, 1081.7]","[0.0, 50.0]","[-20.9, -18.9095, -16.919, -14.9286, -12.9381, -10.9476, -8.95714, -6.96667, -4.97619, -2.98571, 20.9]",0.0156,,,,,,,,,,,,1.0,26246.0,50104.05521115103,1081.7004051327815,2190248.695947409,182.72660587922437,51.0,0.0,,,,,,,,,
B011_shd,2025-08-14 14:02:21.664842,shd,,0,0,0,1081.7,C'				! Run type,shd,1,,1209.0,27,1480.1,1600.0,1495.1211111111113,21.704925423836894,0.0,1281.7,1281.7,[63.7],"[0.0, 1081.7]","[0.0, 50.0]","[-86.9, -86.8866, -86.8732, -86.8598, -86.8465, -86.8331, -86.8197, -86.8063, -86.7929, -86.7795, 79.1]",1.36,,,,,,,,,,,,,,,,,,,,0.0,0.0,0.0,,,,,,
B012_arr,2025-08-14 14:02:21.981170,arr,,0,0,0,1539.0,A'				! Run type,arr,1,,1118.0,31,1490.21,1600.0,1505.3419354838707,18.35464895304146,0.0,1739.0,1739.0,"[121.0, 293.5]","[0.0, 1539.0]","[0.0, 50.0]","[-12.7, -11.8241, -10.9483, -10.0724, -9.19655, -8.32069, -7.44483, -6.56897, -5.6931, -4.81724, 12.7]",0.359,171803.0,0.180036187,272.5,22.360855893980997,8.058688025861588,1.17165888e-09,201.0,0.0014405974585858883,0.49590233589555577,545.0,48483.5364764415,,,,,,,,,,,,,,,,,
B012_ray,2025-08-14 14:02:22.209000,ray,,0,0,0,1539.0,A' 0.0,ray,1,,1118.0,31,1490.21,1600.0,1505.3419354838707,18.35464895304146,0.0,1739.0,1739.0,[110.5],"[0.0, 1539.0]","[0.0, 50.0]","[-13.3, -12.0333, -10.7667, -9.5, -8.23333, -6.96667, -5.7, -4.43333, -3.16667, -1.9, 13.3]",0.0156,,,,,,,,,,,,1.0,17606.0,50150.73853649703,1539.0003911100846,2175043.373889925,164.76533760433918,65.0,0.0,,,,,,,,,
B012_shd,2025-08-14 14:02:22.404406,shd,,0,0,0,1539.0,C'				! Run type,shd,1,,1118.0,31,1490.21,1600.0,1505.3419354838707,18.35464895304146,0.0,1739.0,1739.0,[105.7],"[0.0, 1539.0]","[0.0, 50.0]","[-70.2, -70.1893, -70.1787, -70.168, -70.1574, -70.1467, -70.1361, -70.1254, -70.1148, -70.1041, 70.8]",1.47,,,,,,,,,,,,,,,,,,,,0.0,0.0,0.0,,,,,,
B013_arr,2025-08-14 14:02:22.738226,arr,,0,0,0,4938.6,A'				! Run type,arr,1,,1147.0,51,1479.97,1600.0,1494.6576470588232,16.688715876331617,0.0,5138.6,5138.6,"[38.2, 184.1, 264.6]","[0.0, 4938.6]","[0.0, 50.0]","[-24.0, -21.6, -19.2, -16.8, -14.4, -12.0, -9.6, -7.2, -4.8, -2.4, 24.0]",0.359,167472.0,0.178049251,266.0,22.75053398236206,8.637247274982602,1.2474774e-10,201.0,0.0014829723527413968,0.5027904837600065,532.0,26522.62069056015,,,,,,,,,,,,,,,,,
B013_ray,2025-08-14 14:02:22.968146,ray,,0,0,0,4938.6,A' 0.0,ray,1,,1147.0,51,1479.97,1600.0,1494.6576470588232,16.688715876331617,0.0,5138.6,5138.6,[102.3],"[0.0, 4938.6]","[0.0, 50.0]","[-12.4, -11.3217, -10.2435, -9.16522, -8.08696, -7.0087, -5.93043, -4.85217, -3.77391, -2.69565, 12.4]",0.0,,,,,,,,,,,,1.0,7599.0,50465.39597585239,4938.601028758226,2380581.357598255,168.58419958995398,71.0,0.0,,,,,,,,,
B013_shd,2025-08-14 14:02:23.058779,shd,,0,0,0,4938.6,C'				! Run type,shd,1,,1147.0,51,1479.97,1600.0,1494.6576470588232,16.688715876331617,0.0,5138.6,5138.6,[110.6],"[0.0, 4938.6]","[0.0, 50.0]","[-83.5, -83.4869, -83.4738, -83.4607, -83.4476, -83.4346, -83.4215, -83.4084, -83.3953, -83.3822, 83.4]",1.66,,,,,,,,,,,,,,,,,,,,0.0,0.0,0.0,,,,,,
B014_arr,2025-08-14 14:02:23.400421,arr,,0,0,0,529.8,A'				! Run type,arr,1,,2308.0,30,1488.19,1600.0,1500.4506666666666,18.985124340446706,0.0,729.8,729.8,"[30.7, 60.3, 172.2]","[0.0, 529.8]","[0.0, 50.0]","[-19.6, -18.2, -16.8, -15.4, -14.0, -12.6, -11.2, -9.8, -8.4, -7.0, 19.6]",0.859,415287.0,0.145374864,218.5,16.575068713269577,7.674319354666447,1.74128134e-09,201.0,0.0006268123829417064,0.319967828303893,437.0,435654.27226817625,,,,,,,,,,,,,,,,,
B014_ray,2025-08-14 14:02:23.991444,ray,,0,0,0,529.8,A' 0.0,ray,1,,2308.0,30,1488.19,1600.0,1500.4506666666666,18.985124340446706,0.0,729.8,729.8,[133.5],"[0.0, 529.8]","[0.0, 50.0]","[-13.8, -12.7385, -11.6769, -10.6154, -9.55385, -8.49231, -7.43077, -6.36923, -5.30769, -4.24615, 13.8]",0.0781,,,,,,,,,,,,1.0,57650.0,50050.61986003608,529.8001386634461,2678074.7762041613,278.93734415775185,57.0,0.0,,,,,,,,,
B014_shd,2025-08-14 14:02:24.641762,shd,,0,0,0,529.8,C'				! Run type,shd,1,,2308.0,30,1488.19,1600.0,1500.4506666666666,18.985124340446706,0.0,729.8,729.8,[138.0],"[0.0, 529.8]","[0.0, 50.0]","[-86.6, -86.5934, -86.5868, -86.5802, -86.5736, -86.567, -86.5604, -86.5538, -86.5472, -86.5406, 84.7]",4.14,,,,,,,,,,,,,,,,,,,,0.0,0.0,0.0,,,,,,
B015_arr,2025-08-14 14:02:24.959006,arr,,0,0,0,3078.1,A'				! Run type,arr,1,,1718.0,38,1479.89,1600.0,1499.1868421052632,18.861506484631764,0.0,3278.1,3278.1,"[94.5, 123.5]","[0.0, 3078.1]","[0.0, 50.0]","[-17.6, -15.84, -14.08, -12.32, -10.56, -8.8, -7.04, -5.28, -3.52, -1.76, 17.6]",0.25,121510.0,0.136921734,206.5,17.781883965155163,6.989761056086087,3.00256792e-10,201.0,0.0020842809522797685,0.5935035820574661,413.0,22967.062873067916,,,,,,,,,,,,,,,,,
B015_ray,2025-08-14 14:02:25.120412,ray,,0,0,0,3078.1,A' 0.0,ray,1,,1718.0,38,1479.89,1600.0,1499.1868421052632,18.861506484631764,0.0,3278.1,3278.1,"[137.2, 165.3, 175.7]","[0.0, 3078.1]","[0.0, 50.0]","[-19.4, -17.713, -16.0261, -14.3391, -12.6522, -10.9652, -9.27826, -7.5913, -5.90435, -4.21739, 19.4]",0.0469,,,,,,,,,,,,1.0,38810.0,50297.585358836084,3078.101082511402,7289363.656405937,526.8507227244206,215.0,0.0,,,,,,,,,
B015_shd,2025-08-14 14:02:25.547986,shd,,0,0,0,3078.1,C'				! Run type,shd,1,,1718.0,38,1479.89,1600.0,1499.1868421052632,18.861506484631764,0.0,3278.1,3278.1,[76.0],"[0.0, 3078.1]","[0.0, 50.0]","[-76.1, -76.0899, -76.0798, -76.0698, -76.0597, -76.0496, -76.0395, -76.0295, -76.0194, -76.0093, 76.9]",1.7,,,,,,,,,,,,,,,,,,,,0.0,0.0,0.0,,,,,,
B016_arr,2025-08-14 14:02:25.880941,arr,,0,0,0,2393.0,A'				! Run type,arr,1,,990.2,39,1460.0,1600.0,1466.9646153846154,22.155221511794608,0.0,2593.0,2593.0,[193.4],"[0.0, 2393.0]","[0.0, 50.0]","[-12.0, -10.9091, -9.81818, -8.72727, -7.63636, -6.54545, -5.45455, -4.36364, -3.27273, -2.18182, 12.0]",0.109,61947.0,0.196187317,286.5,22.64631477321202,8.008498265647107,7.0310846e-10,201.0,0.00405442555202498,0.8312214198788391,573.0,25638.07600688194,,,,,,,,,,,,,,,,,
B016_ray,2025-08-14 14:02:25.965621,ray,,0,0,0,2393.0,A' 0.0,ray,1,,990.2,39,1460.0,1600.0,1466.9646153846154,22.155221511794608,0.0,2593.0,2593.0,"[134.3, 151.5]","[0.0, 2393.0]","[0.0, 50.0]","[-13.4, -12.4759, -11.5517, -10.6276, -9.70345, -8.77931, -7.85517, -6.93103, -6.0069, -5.08276, 13.4]",0.0312,,,,,,,,,,,,1.0,26953.0,50231.16472963069,2393.0004163326507,5993376.711361388,402.47040687379433,179.0,0.0,,,,,,,,,
B016_shd,2025-08-14 14:02:26.269165,shd,,0,0,0,2393.0,C'				! Run type,shd,1,,990.2,39,1460.0,1600.0,1466.9646153846154,22.155221511794608,0.0,2593.0,2593.0,[170.3],"[0.0, 2393.0]","[0.0, 50.0]","[-87.9, -87.8836, -87.8672, -87.8509, -87.8345, -87.8181, -87.8017, -87.7853, -87.769, -87.7526, 70.7]",1.08,,,,,,,,,,,,,,,,,,,,0.0,0.0,0.0,,,,,,
B017_arr,2025-08-14 14:02:26.595029,arr,,0,0,0,924.3,A'				! Run type,arr,1,,1305.0,29,1478.3,1600.0,1494.7627586206897,21.082882564241512,0.0,1124.3,1124.3,[101.4],"[0.0, 924.3]","[0.0, 50.0]","[-16.2, -14.58, -12.96, -11.34, -9.72, -8.1, -6.48, -4.86, -3.24, -1.62, 16.2]",0.25,115052.0,0.141945094,213.0,17.6253864756981,7.042934966027305,4.23547142e-10,201.0,0.00218457103140472,0.6085634766925953,426.0,94721.05307076129,,,,,,,,,,,,,,,,,
B017_ray,2025-08-14 14:02:26.749471,ray,,0,0,0,924.3,A' 0.0,ray,1,,1305.0,29,1478.3,1600.0,1494.7627586206897,21.082882564241512,0.0,1124.3,1124.3,"[73.2, 235.5]","[0.0, 924.3]","[0.0, 50.0]","[-16.9, -15.7733, -14.6467, -13.52, -12.3933, -11.2667, -10.14, -9.01333, -7.88667, -6.76, 16.9]",0.0938,,,,,,,,,,,,1.0,79723.0,50091.19894174894,924.3003022343124,6224902.272618244,538.400618507927,159.0,0.0,,,,,,,,,
B017_shd,2025-08-14 14:02:27.637939,shd,,0,0,0,924.3,C'				! Run type,shd,1,,1305.0,29,1478.3,1600.0,1494.7627586206897,21.082882564241512,0.0,1124.3,1124.3,[161.4],"[0.0, 924.3]","[0.0, 50.0]","[-73.7, -73.6858, -73.6715, -73.6573, -73.6431, -73.6288, -73.6146, -73.6004, -73.5861, -73.5719, 82.3]",1.41,,,,,,,,,,,,,,,,,,,,0.0,0.0,0.0,,,,,,
B018_arr,2025-08-14 14:02:27.977337,arr,,0,0,0,1433.4,A'				! Run type,arr,1,,1213.0,39,1487.67,1600.0,1500.6905128205128,17.537587757510995,0.0,1633.4,1633.4,[186.4],"[0.0, 1433.4]","[0.0, 50.0]","[-21.7, -20.46, -19.22, -17.98, -16.74, -15.5, -14.26, -13.02, -11.78, -10.54, 21.7]",0.281,151839.0,0.16174905,243.500015,21.427534675685113,8.255615854588497,3.71479625e-09,201.0,0.0016679273494334215,0.5309311695903036,487.000031,107610.46902336698,,,,,,,,,,,,,,,,,
B018_ray,2025-08-14 14:02:28.178910,ray,,0,0,0,1433.4,A' 0.0,ray,1,,1213.0,39,1487.67,1600.0,1500.6905128205128,17.537587757510995,0.0,1633.4,1633.4,[55.4],"[0.0, 1433.4]","[0.0, 50.0]","[-14.1, -13.16, -12.22, -11.28, -10.34, -9.4, -8.46, -7.52, -6.58, -5.64, 14.1]",0.0312,,,,,,,,,,,,1.0,28438.0,50138.19301334655,1433.4003409069624,3081022.682828688,260.8596850237503,69.0,0.0,,,,,,,,,
B018_shd,2025-08-14 14:02:28.498217,shd,,0,0,0,1433.4,C'				! Run type,shd,1,,1213.0,39,1487.67,1600.0,1500.6905128205128,17.537587757510995,0.0,1633.4,1633.4,[178.0],"[0.0, 1433.4]","[0.0, 50.0]","[-89.1, -89.0856, -89.0711, -89.0567, -89.0423, -89.0278, -89.0134, -88.999, -88.9845, -88.9701, 82.4]",1.67,,,,,,,,,,,,,,,,,,,,0.0,0.0,0.0,,,,,,
B019_arr,2025-08-14 14:02:28.813432,arr,,0,0,0,4815.2,A'				! Run type,arr,1,,1025.0,52,1476.28,1600.0,1493.355576923077,17.313774686587813,0.0,5015.2,5015.2,"[128.2, 227.8, 251.5]","[0.0, 4815.2]","[0.0, 50.0]","[-14.7, -13.3, -11.9, -10.5, -9.1, -7.7, -6.3, -4.9, -3.5, -2.1, 14.7]",0.203,113205.0,0.158363819,236.5,21.598626460225237,7.919899159307101,1.95254882e-10,201.0,0.002194627902584705,0.6121818503181499,473.0,16120.024942687727,,,,,,,,,,,,,,,,,
B019_ray,2025-08-14 14:02:28.965984,ray,,0,0,0,4815.2,A' 0.0,ray,1,,1025.0,52,1476.28,1600.0,1493.355576923077,17.313774686587813,0.0,5015.2,5015.2,"[63.1, 161.0, 225.8]","[0.0, 4815.2]","[0.0, 50.0]","[-14.8, -13.9294, -13.0588, -12.1882, -11.3176, -10.4471, -9.57647, -8.70588, -7.83529, -6.96471, 14.8]",0.0312,,,,,,,,,,,,1.0,32824.0,50460.6107068046,4815.201058237871,10573943.25197124,728.3660061061295,314.0,0.0,,,,,,,,,
B019_shd,2025-08-14 14:02:29.335718,shd,,0,0,0,4815.2,C'				! Run type,shd,1,,1025.0,52,1476.28,1600.0,1493.355576923077,17.313774686587813,0.0,5015.2,5015.2,[178.7],"[0.0, 4815.2]","[0.0, 50.0]","[-73.6, -73.5867, -73.5733, -73.56, -73.5467, -73.5333, -73.52, -73.5067, -73.4933, -73.48, 80.8]",1.61,,,,,,,,,,,,,,,,,,,,0.0,0.0,0.0,,,,,,
B020_arr,2025-08-14 14:02:29.663609,arr,,0,0,0,467.0,A'				! Run type,arr,1,,2210.0,35,1489.73,1600.0,1499.8728571428571,17.64085575692786,0.0,667.0,667.0,[86.3],"[0.0, 467.0]","[0.0, 50.0]","[-10.2, -9.5625, -8.925, -8.2875, -7.65, -7.0125, -6.375, -5.7375, -5.1, -4.4625, 10.2]",0.312,159064.0,0.181658342,272.5,19.53307719265754,8.287254606616768,5.29860067e-09,201.0,0.0015017822803497494,0.5119936656281282,545.0,315141.1726317381,,,,,,,,,,,,,,,,,
B020_ray,2025-08-14 14:02:29.875687,ray,,0,0,0,467.0,A' 0.0,ray,1,,2210.0,35,1489.73,1600.0,1499.8728571428571,17.64085575692786,0.0,667.0,667.0,"[119.2, 121.9, 297.0]","[0.0, 467.0]","[0.0, 50.0]","[-19.4, -17.9077, -16.4154, -14.9231, -13.4308, -11.9385, -10.4462, -8.95385, -7.46154, -5.96923, 19.4]",0.344,,,,,,,,,,,,1.0,247005.0,50045.62192966762,467.00018146022023,8176096.94264375,920.9468714228714,175.0,0.0,,,,,,,,,
B020_shd,2025-08-14 14:02:32.621593,shd,,0,0,0,467.0,C'				! Run type,shd,1,,2210.0,35,1489.73,1600.0,1499.8728571428571,17.64085575692786,0.0,667.0,667.0,[83.0],"[0.0, 467.0]","[0.0, 50.0]","[-80.2, -80.1918, -80.1836, -80.1753, -80.1671, -80.1589, -80.1507, -80.1424, -80.1342, -80.126, 84.8]",4.53,,,,,,,,,,,,,,,,,,,,0.0,0.0,0.0,,,,,,
B021_arr,2025-08-14 14:02:32.937002,arr,,0,0,0,3157.0,A'				! Run type,arr,1,,1515.0,41,1481.99,1600.0,1499.2121951219513,18.127715004351778,0.0,3357.0,3357.0,"[193.0, 215.4]","[0.0, 3157.0]","[0.0, 50.0]","[-11.7, -10.6826, -9.66522, -8.64783, -7.63043, -6.61304, -5.59565, -4.57826, -3.56087, -2.54348, 11.7]",0.109,50055.0,0.132586733,200.0,16.88516964613517,6.896573333639156,2.60775707e-10,201.0,0.004764536800728283,0.9126888717075018,400.0,16624.629474831814,,,,,,,,,,,,,,,,,
B021_ray,2025-08-14 14:02:33.006769,ray,,0,0,0,3157.0,A' 0.0,ray,1,,1515.0,41,1481.99,1600.0,1499.2121951219513,18.127715004351778,0.0,3357.0,3357.0,[103.2],"[0.0, 3157.0]","[0.0, 50.0]","[-24.1, -22.4933, -20.8867, -19.28, -17.6733, -16.0667, -14.46, -12.8533, -11.2467, -9.64, 24.1]",0.0156,,,,,,,,,,,,1.0,19169.0,50261.93673465142,3157.0013557679317,3132501.958057906,225.55978270677085,92.0,0.0,,,,,,,,,
B021_shd,2025-08-14 14:02:33.218104,shd,,0,0,0,3157.0,C'				! Run type,shd,1,,1515.0,41,1481.99,1600.0,1499.2121951219513,18.127715004351778,0.0,3357.0,3357.0,[141.9],"[0.0, 3157.0]","[0.0, 50.0]","[-72.5, -72.49, -72.4801, -72.4701, -72.4601, -72.4502, -72.4402, -72.4302, -72.4203, -72.4103, 84.5]",1.83,,,,,,,,,,,,,,,,,,,,0.0,0.0,0.0,,,,,,
B022_arr,2025-08-14 14:02:33.549240,arr,,0,0,0,2577.0,A'				! Run type,arr,1,,648.2,37,1460.0,1600.0,1466.9483783783785,22.64200324361466,0.0,2777.0,2777.0,"[82.5, 100.0]","[0.0, 2577.0]","[0.0, 50.0]","[-10.9, -9.95217, -9.00435, -8.05652, -7.1087, -6.16087, -5.21304, -4.26522, -3.31739, -2.36957, 10.9]",0.125,62396.0,0.147322863,215.5,19.99014481348309,7.127944479036285,3.96510776e-11,201.0,0.0037728010582796854,0.815433773796219,431.0,21062.8306219031,,,,,,,,,,,,,,,,,
B022_ray,2025-08-14 14:02:33.634953,ray,,0,0,0,2577.0,A' 0.0,ray,1,,648.2,37,1460.0,1600.0,1466.9483783783785,22.64200324361466,0.0,2777.0,2777.0,"[138.5, 162.0, 298.3]","[0.0, 2577.0]","[0.0, 50.0]","[-23.2, -21.7032, -20.2065, -18.7097, -17.2129, -15.7161, -14.2194, -12.7226, -11.2258, -9.72903, 23.2]",0.0625,,,,,,,,,,,,1.0,50141.0,50254.11964460579,2577.000986030001,9725914.700333662,628.0804704104307,287.0,0.0,,,,,,,,,
B022_shd,2025-08-14 14:02:34.204102,shd,,0,0,0,2577.0,C'				! Run type,shd,1,,648.2,37,1460.0,1600.0,1466.9483783783785,22.64200324361466,0.0,2777.0,2777.0,[69.9],"[0.0, 2577.0]","[0.0, 50.0]","[-78.1, -78.0697, -78.0394, -78.0092, -77.9789, -77.9486, -77.9183, -77.8881, -77.8578, -77.8275, 82.0]",0.562,,,,,,,,,,,,,,,,,,,,0.0,0.0,0.0,,,,,,
B023_arr,2025-08-14 14:02:34.519180,arr,,0,0,0,1083.7,A'				! Run type,arr,1,,1212.0,28,1480.93,1600.0,1494.3178571428575,21.314463124022286,0.0,1283.7,1283.7,"[248.2, 285.9]","[0.0, 1083.7]","[0.0, 50.0]","[-11.1, -10.4062, -9.7125, -9.01875, -8.325, -7.63125, -6.9375, -6.24375, -5.55, -4.85625, 11.1]",0.484,269717.0,0.161304176,241.0,21.66476336851001,7.567652960530602,3.78940018e-10,201.0,0.0009216396442118495,0.3957838062427919,482.0,91178.44505076656,,,,,,,,,,,,,,,,,
B023_ray,2025-08-14 14:02:34.886953,ray,,0,0,0,1083.7,A' 0.0,ray,1,,1212.0,28,1480.93,1600.0,1494.3178571428575,21.314463124022286,0.0,1283.7,1283.7,"[69.2, 221.7]","[0.0, 1083.7]","[0.0, 50.0]","[-20.0, -18.8235, -17.6471, -16.4706, -15.2941, -14.1176, -12.9412, -11.7647, -10.5882, -9.41176, 20.0]",0.0938,,,,,,,,,,,,1.0,78985.0,50107.50428482525,1083.7003838354913,7054602.718473952,563.7321048888689,181.0,0.0,,,,,,,,,
B023_shd,2025-08-14 14:02:35.765779,shd,,0,0,0,1083.7,C'				! Run type,shd,1,,1212.0,28,1480.93,1600.0,1494.3178571428575,21.314463124022286,0.0,1283.7,1283.7,[146.1],"[0.0, 1083.7]","[0.0, 50.0]","[-70.4, -70.3893, -70.3785, -70.3678, -70.3571, -70.3463, -70.3356, -70.3248, -70.3141, -70.3034, 82.1]",1.64,,,,,,,,,,,,,,,,,,,,0.0,0.0,0.0,,,,,,
B024_arr,2025-08-14 14:02:36.093678,arr,,0,0,0,1463.5,A'				! Run type,arr,1,,1015.0,31,1484.73,1600.0,1500.1619354838708,19.501760453098363,0.0,1663.5,1663.5,"[201.3, 238.1]","[0.0, 1463.5]","[0.0, 50.0]","[-10.0, -9.13043, -8.26087, -7.3913, -6.52174, -5.65217, -4.78261, -3.91304, -3.04348, -2.17391, 10.0]",0.359,162925.0,0.166097611,250.0,22.114517511667454,8.235270552960444,2.64770428e-10,201.0,0.0015375069038326295,0.5108406821023928,500.0,47719.39528426508,,,,,,,,,,,,,,,,,
B024_ray,2025-08-14 14:02:36.313946,ray,,0,0,0,1463.5,A' 0.0,ray,1,,1015.0,31,1484.73,1600.0,1500.1619354838708,19.501760453098363,0.0,1663.5,1663.5,"[157.5, 267.6]","[0.0, 1463.5]","[0.0, 50.0]","[-13.2, -12.2222, -11.2444, -10.2667, -9.28889, -8.31111, -7.33333, -6.35556, -5.37778, -4.4, 13.2]",0.0625,,,,,,,,,,,,1.0,43294.0,50144.32029532,1463.500347004923,5604422.505095181,418.44516283147834,167.0,0.0,,,,,,,,,
B024_shd,2025-08-14 14:02:36.819622,shd,,0,0,0,1463.5,C'				! Run type,shd,1,,1015.0,31,1484.73,1600.0,1500.1619354838708,19.501760453098363,0.0,1663.5,1663.5,[109.3],"[0.0, 1463.5]","[0.0, 50.0]","[-75.7, -75.6874, -75.6748, -75.6622, -75.6496, -75.6371, -75.6245, -75.6119, -75.5993, -75.5867, 74.0]",1.33,,,,,,,,,,,,,,,,,,,,0.0,0.0,0.0,,,,,,
B025_arr,2025-08-14 14:02:37.153108,arr,,0,0,0,4867.8,A'				! Run type,arr,1,,1156.0,54,1482.69,1600.0,1496.1766666666667,15.655715084748278,0.0,5067.8,5067.8,"[235.4, 280.7]","[0.0, 4867.8]","[0.0, 50.0]","[-18.2, -17.1889, -16.1778, -15.1667, -14.1556, -13.1444, -12.1333, -11.1222, -10.1111, -9.1, 18.2]",0.141,59100.0,0.155603394,230.0,20.668724078509104,7.780111512721866,1.0459934e-09,201.0,0.003930834265205682,0.8359527724625256,460.0,15395.741431616,,,,,,,,,,,,,,,,,
B025_ray,2025-08-14 14:02:37.233838,ray,,0,0,0,4867.8,A' 0.0,ray,1,,1156.0,54,1482.69,1600.0,1496.1766666666667,15.655715084748278,0.0,5067.8,5067.8,[197.2],"[0.0, 4867.8]","[0.0, 50.0]","[-21.9, -20.44, -18.98, -17.52, -16.06, -14.6, -13.14, -11.68, -10.22, -8.76, 21.9]",0.0156,,,,,,,,,,,,1.0,13289.0,50360.681155866834,4867.801436247567,3114729.7556775315,215.0356688680911,92.0,0.0,,,,,,,,,
B025_shd,2025-08-14 14:02:37.384339,shd,,0,0,0,4867.8,C'				! Run type,shd,1,,1156.0,54,1482.69,1600.0,1496.1766666666667,15.655715084748278,0.0,5067.8,5067.8,[187.9],"[0.0, 4867.8]","[0.0, 50.0]","[-86.5, -86.4882, -86.4764, -86.4646, -86.4528, -86.4411, -86.4293, -86.4175, -86.4057, -86.3939, 74.3]",1.86,,,,,,,,,,,,,,,,,,,,0.0,0.0,0.0,,,,,,
B026_arr,2025-08-14 14:02:37.715367,arr,,0,0,0,593.4,A'				! Run type,arr,1,,1513.0,33,1486.23,1600.0,1497.4748484848485,18.630449517375247,0.0,793.4,793.4,"[98.9, 109.8, 190.3]","[0.0, 593.4]","[0.0, 50.0]","[-10.5, -9.58696, -8.67391, -7.76087, -6.84783, -5.93478, -5.02174, -4.1087, -3.19565, -2.28261, 10.5]",0.609,310261.0,0.161587641,242.000015,19.247238681737247,8.086301405468616,3.44861939e-09,201.0,0.0007842096278941965,0.36691684877251246,484.000031,252687.61980365304,,,,,,,,,,,,,,,,,
B026_ray,2025-08-14 14:02:38.137954,ray,,0,0,0,593.4,A' 0.0,ray,1,,1513.0,33,1486.23,1600.0,1497.4748484848485,18.630449517375247,0.0,793.4,793.4,"[70.9, 206.8, 238.2]","[0.0, 593.4]","[0.0, 50.0]","[-23.1, -21.0, -18.9, -16.8, -14.7, -12.6, -10.5, -8.4, -6.3, -4.2, 23.1]",0.234,,,,,,,,,,,,1.0,158489.0,50057.19953120906,593.4002555464976,6761948.555963012,692.7726598882193,156.0,0.0,,,,,,,,,
B026_shd,2025-08-14 14:02:39.899686,shd,,0,0,0,593.4,C'				! Run type,shd,1,,1513.0,33,1486.23,1600.0,1497.4748484848485,18.630449517375247,0.0,793.4,793.4,[51.5],"[0.0, 593.4]","[0.0, 50.0]","[-81.3, -81.2864, -81.2728, -81.2592, -81.2456, -81.232, -81.2185, -81.2049, -81.1913, -81.1777, 87.7]",1.98,,,,,,,,,,,,,,,,,,,,0.0,0.0,0.0,,,,,,
B027_arr,2025-08-14 14:02:40.229916,arr,,0,0,0,2908.6,A'				! Run type,arr,1,,1231.0,44,1483.96,1600.0,1500.5004545454542,17.059755134465846,0.0,3108.6,3108.6,"[211.6, 265.3]","[0.0, 2908.6]","[0.0, 50.0]","[-22.0, -20.8108, -19.6216, -18.4324, -17.2432, -16.0541, -14.8649, -13.6757, -12.4865, -11.2973, 22.0]",0.234,111682.0,0.159538567,239.5,21.146399769731293,8.410389205114928,4.37912928e-10,201.0,0.0021079993194262504,0.609027729695447,479.0,32735.784562309655,,,,,,,,,,,,,,,,,
B027_ray,2025-08-14 14:02:40.379416,ray,,0,0,0,2908.6,A' 0.0,ray,1,,1231.0,44,1483.96,1600.0,1500.5004545454542,17.059755134465846,0.0,3108.6,3108.6,[96.0],"[0.0, 2908.6]","[0.0, 50.0]","[-15.3, -14.28, -13.26, -12.24, -11.22, -10.2, -9.18, -8.16, -7.14, -6.12, 15.3]",0.0156,,,,,,,,,,,,1.0,17806.0,50257.52316330277,2908.600751601501,3096542.099476675,237.32883813022067,92.0,0.0,,,,,,,,,
B027_shd,2025-08-14 14:02:40.587715,shd,,0,0,0,2908.6,C'				! Run type,shd,1,,1231.0,44,1483.96,1600.0,1500.5004545454542,17.059755134465846,0.0,3108.6,3108.6,[152.8],"[0.0, 2908.6]","[0.0, 50.0]","[-83.4, -83.387, -83.3739, -83.3609, -83.3478, -83.3348, -83.3217, -83.3087, -83.2956, -83.2826, 71.1]",1.52,,,,,,,,,,,,,,,,,,,,0.0,0.0,0.0,,,,,,
B028_arr,2025-08-14 14:02:40.908344,arr,,0,0,0,2688.3,A'				! Run type,arr,1,,749.6,40,1460.0,1600.0,1467.401,21.64522878141971,0.0,2888.3,2888.3,[63.7],"[0.0, 2688.3]","[0.0, 50.0]","[-13.0, -12.2973, -11.5946, -10.8919, -10.1892, -9.48649, -8.78378, -8.08108, -7.37838, -6.67568, 13.0]",0.125,61759.0,0.177902013,259.0,24.122811088782246,7.90937569382437,1.61308478e-09,201.0,0.0038869294711884887,0.8231269417698159,518.0,21524.721794602356,,,,,,,,,,,,,,,,,
B028_ray,2025-08-14 14:02:40.992035,ray,,0,0,0,2688.3,A' 0.0,ray,1,,749.6,40,1460.0,1600.0,1467.401,21.64522878141971,0.0,2888.3,2888.3,[103.2],"[0.0, 2688.3]","[0.0, 50.0]","[-16.4, -15.4353, -14.4706, -13.5059, -12.5412, -11.5765, -10.6118, -9.64706, -8.68235, -7.71765, 16.4]",0.0,,,,,,,,,,,,1.0,16582.0,50244.48584182239,2688.3007523996293,3490385.361354261,240.86349741699726,104.0,0.0,,,,,,,,,
B028_shd,2025-08-14 14:02:41.177152,shd,,0,0,0,2688.3,C'				! Run type,shd,1,,749.6,40,1460.0,1600.0,1467.401,21.64522878141971,0.0,2888.3,2888.3,[124.0],"[0.0, 2688.3]","[0.0, 50.0]","[-84.3, -84.2808, -84.2616, -84.2423, -84.2231, -84.2039, -84.1847, -84.1654, -84.1462, -84.127, 85.7]",0.953,,,,,,,,,,,,,,,,,,,,0.0,0.0,0.0,,,,,,
B029_arr,2025-08-14 14:02:41.493995,arr,,0,0,0,1087.3,A'				! Run type,arr,1,,1238.0,27,1479.64,1600.0,1495.1296296296298,21.834493011013805,0.0,1287.3,1287.3,[76.9],"[0.0, 1087.3]","[0.0, 50.0]","[-20.4, -19.2343, -18.0686, -16.9029, -15.7371, -14.5714, -13.4057, -12.24, -11.0743, -9.90857, 20.4]",0.156,99551.0,0.157335877,234.5,19.06564182696519,7.872064476162886,6.51004584e-10,201.0,0.0024381039093454406,0.6489259172176987,469.0,133900.79142615787,,,,,,,,,,,,,,,,,
B029_ray,2025-08-14 14:02:41.623566,ray,,0,0,0,1087.3,A' 0.0,ray,1,,1238.0,27,1479.64,1600.0,1495.1296296296298,21.834493011013805,0.0,1287.3,1287.3,[74.2],"[0.0, 1087.3]","[0.0, 50.0]","[-11.3, -10.5467, -9.79333, -9.04, -8.28667, -7.53333, -6.78, -6.02667, -5.27333, -4.52, 11.3]",0.0469,,,,,,,,,,,,1.0,26165.0,50107.21507517634,1087.3002006034037,3070942.6532871122,277.97552476637605,75.0,0.0,,,,,,,,,
B029_shd,2025-08-14 14:02:41.914637,shd,,0,0,0,1087.3,C'				! Run type,shd,1,,1238.0,27,1479.64,1600.0,1495.1296296296298,21.834493011013805,0.0,1287.3,1287.3,[141.2],"[0.0, 1087.3]","[0.0, 50.0]","[-85.1, -85.088, -85.076, -85.0641, -85.0521, -85.0401, -85.0281, -85.0162, -85.0042, -84.9922, 71.2]",1.45,,,,,,,,,,,,,,,,,,,,0.0,0.0,0.0,,,,,,
B030_arr,2025-08-14 14:02:42.232366,arr,,0,0,0,1440.9,A'				! Run type,arr,1,,1035.0,31,1488.22,1600.0,1504.2677419354836,18.78571071743652,0.0,1640.9,1640.9,[102.6],"[0.0, 1440.9]","[0.0, 50.0]","[-15.6, -14.7333, -13.8667, -13.0, -12.1333, -11.2667, -10.4, -9.53333, -8.66667, -7.8, 15.6]",0.125,74815.0,0.157261208,237.5,20.17131838010319,7.903803770395198,7.31105898e-10,201.0,0.003273968179959301,0.7507193037130031,475.0,73978.34480207783,,,,,,,,,,,,,,,,,
B030_ray,2025-08-14 14:02:42.330040,ray,,0,0,0,1440.9,A' 0.0,ray,1,,1035.0,31,1488.22,1600.0,1504.2677419354836,18.78571071743652,0.0,1640.9,1640.9,"[31.4, 160.7, 247.2]","[0.0, 1440.9]","[0.0, 50.0]","[-21.6, -19.44, -17.28, -15.12, -12.96, -10.8, -8.64, -6.48, -4.32, -2.16, 21.6]",0.0781,,,,,,,,,,,,1.0,62103.0,50132.86847838913,1440.9004613824438,6373841.316217078,484.8920508559078,168.0,0.0,,,,,,,,,
B030_shd,2025-08-14 14:02:43.015719,shd,,0,0,0,1440.9,C'				! Run type,shd,1,,1035.0,31,1488.22,1600.0,1504.2677419354836,18.78571071743652,0.0,1640.9,1640.9,[150.7],"[0.0, 1440.9]","[0.0, 50.0]","[-77.6, -77.5844, -77.5689, -77.5533, -77.5377, -77.5221, -77.5066, -77.491, -77.4754, -77.4598, 84.8]",1.17,,,,,,,,,,,,,,,,,,,,0.0,0.0,0.0,,,,,,
B031_arr,2025-08-14 14:02:43.336646,arr,,0,0,0,5390.4,A'				! Run type,arr,1,,868.0,55,1480.83,1600.0,1496.2696363636367,15.938655579626236,0.0,5590.4,5590.4,"[154.5, 163.4, 262.5]","[0.0, 5390.4]","[0.0, 50.0]","[-24.1, -22.5938, -21.0875, -19.5813, -18.075, -16.5688, -15.0625, -13.5563, -12.05, -10.5438, 24.1]",0.234,141367.0,0.157676727,237.0,21.79732840637386,8.133991243398434,2.64154754e-10,201.0,0.001725955416487631,0.545071680527511,474.0,14619.103277307755,,,,,,,,,,,,,,,,,
B031_ray,2025-08-14 14:02:43.527278,ray,,0,0,0,5390.4,A' 0.0,ray,1,,868.0,55,1480.83,1600.0,1496.2696363636367,15.938655579626236,0.0,5590.4,5590.4,"[216.5, 218.2]","[0.0, 5390.4]","[0.0, 50.0]","[-19.7, -18.3867, -17.0733, -15.76, -14.4467, -13.1333, -11.82, -10.5067, -9.19333, -7.88, 19.7]",0.0469,,,,,,,,,,,,1.0,22864.0,50513.55641265756,5390.401801965728,6269291.94023026,429.70156821229983,185.0,0.0,,,,,,,,,
B031_shd,2025-08-14 14:02:43.781432,shd,,0,0,0,5390.4,C'				! Run type,shd,1,,868.0,55,1480.83,1600.0,1496.2696363636367,15.938655579626236,0.0,5590.4,5590.4,[192.3],"[0.0, 5390.4]","[0.0, 50.0]","[-88.8, -88.7794, -88.7588, -88.7383, -88.7177, -88.6971, -88.6765, -88.656, -88.6354, -88.6148, 83.7]",1.14,,,,,,,,,,,,,,,,,,,,0.0,0.0,0.0,,,,,,
B032_arr,2025-08-14 14:02:44.103613,arr,,0,0,0,497.7,A'				! Run type,arr,1,,1525.0,27,1491.58,1600.0,1503.0933333333337,19.491359529193858,0.0,697.7,697.7,"[30.8, 114.2]","[0.0, 497.7]","[0.0, 50.0]","[-12.6, -11.731, -10.8621, -9.9931, -9.12414, -8.25517, -7.38621, -6.51724, -5.64828, -4.77931, 12.6]",0.453,234510.0,0.170795798,256.5,20.241580707229737,8.198916231086079,4.49787896e-09,201.0,0.0010093356209444236,0.4199705430706385,513.0,429856.26974129875,,,,,,,,,,,,,,,,,
B032_ray,2025-08-14 14:02:44.414487,ray,,0,0,0,497.7,A' 0.0,ray,1,,1525.0,27,1491.58,1600.0,1503.0933333333337,19.491359529193858,0.0,697.7,697.7,"[185.1, 210.1, 225.8]","[0.0, 497.7]","[0.0, 50.0]","[-21.7, -19.53, -17.36, -15.19, -13.02, -10.85, -8.68, -6.51, -4.34, -2.17, 21.7]",0.203,,,,,,,,,,,,1.0,151401.0,50049.034765204946,497.7001896713611,6175595.458423059,569.2984095582511,144.0,0.0,,,,,,,,,
B032_shd,2025-08-14 14:02:46.082576,shd,,0,0,0,497.7,C'				! Run type,shd,1,,1525.0,27,1491.58,1600.0,1503.0933333333337,19.491359529193858,0.0,697.7,697.7,[128.4],"[0.0, 497.7]","[0.0, 50.0]","[-80.6, -80.5895, -80.5791, -80.5686, -80.5581, -80.5477, -80.5372, -80.5268, -80.5163, -80.5058, 83.1]",2.52,,,,,,,,,,,,,,,,,,,,0.0,0.0,0.0,,,,,,
B033_arr,2025-08-14 14:02:46.397502,arr,,0,0,0,3127.1,A'				! Run type,arr,1,,1536.0,41,1480.25,1600.0,1498.8202439024392,18.186111490915913,0.0,3327.1,3327.1,"[244.9, 280.7, 299.0]","[0.0, 3127.1]","[0.0, 50.0]","[-21.3, -20.0091, -18.7182, -17.4273, -16.1364, -14.8455, -13.5545, -12.2636, -10.9727, -9.68182, 21.3]",0.453,207836.0,0.192745358,291.0,22.194031582846076,8.54519717170017,2.37311282e-10,201.0,0.0012244705917593766,0.453805823451432,582.0,28532.444790862595,,,,,,,,,,,,,,,,,
B033_ray,2025-08-14 14:02:46.672875,ray,,0,0,0,3127.1,A' 0.0,ray,1,,1536.0,41,1480.25,1600.0,1498.8202439024392,18.186111490915913,0.0,3327.1,3327.1,"[45.0, 84.0, 183.5]","[0.0, 3127.1]","[0.0, 50.0]","[-19.8, -17.7158, -15.6316, -13.5474, -11.4632, -9.37895, -7.29474, -5.21053, -3.12632, -1.04211, 19.8]",0.0469,,,,,,,,,,,,1.0,33285.0,50256.62042179483,3127.1010893569737,6071546.860536938,431.5530682737857,173.0,0.0,,,,,,,,,
B033_shd,2025-08-14 14:02:47.041342,shd,,0,0,0,3127.1,C'				! Run type,shd,1,,1536.0,41,1480.25,1600.0,1498.8202439024392,18.186111490915913,0.0,3327.1,3327.1,[112.8],"[0.0, 3127.1]","[0.0, 50.0]","[-84.1, -84.087, -84.0741, -84.0611, -84.0482, -84.0352, -84.0223, -84.0093, -83.9964, -83.9834, 76.6]",1.61,,,,,,,,,,,,,,,,,,,,0.0,0.0,0.0,,,,,,
B034_arr,2025-08-14 14:02:47.356714,arr,,0,0,0,2438.8,A'				! Run type,arr,1,,717.5,38,1460.0,1600.0,1465.5697368421054,22.31434604474064,0.0,2638.8,2638.8,[184.8],"[0.0, 2438.8]","[0.0, 50.0]","[-16.0, -15.0588, -14.1176, -13.1765, -12.2353, -11.2941, -10.3529, -9.41176, -8.47059, -7.52941, 16.0]",0.156,74490.0,0.152331203,222.0,20.59833338011308,7.204086652392574,1.71489586e-10,201.0,0.0032559253666003445,0.7508907357496568,444.0,28835.76367614185,,,,,,,,,,,,,,,,,
B034_ray,2025-08-14 14:02:47.455384,ray,,0,0,0,2438.8,A' 0.0,ray,1,,717.5,38,1460.0,1600.0,1465.5697368421054,22.31434604474064,0.0,2638.8,2638.8,[197.1],"[0.0, 2438.8]","[0.0, 50.0]","[-13.2, -12.0522, -10.9043, -9.75652, -8.6087, -7.46087, -6.31304, -5.16522, -4.01739, -2.86957, 13.2]",0.0156,,,,,,,,,,,,1.0,10032.0,50207.67169190009,2438.8003622820215,2369311.414907819,159.1214430339243,71.0,0.0,,,,,,,,,
B034_shd,2025-08-14 14:02:47.567597,shd,,0,0,0,2438.8,C'				! Run type,shd,1,,717.5,38,1460.0,1600.0,1465.5697368421054,22.31434604474064,0.0,2638.8,2638.8,[190.7],"[0.0, 2438.8]","[0.0, 50.0]","[-73.6, -73.5801, -73.5603, -73.5404, -73.5205, -73.5007, -73.4808, -73.461, -73.4411, -73.4212, 89.7]",0.922,,,,,,,,,,,,,,,,,,,,0.0,0.0,0.0,,,,,,
B035_arr,2025-08-14 14:02:47.884305,arr,,0,0,0,931.2,A'				! Run type,arr,1,,1156.0,31,1478.13,1600.0,1491.5909677419352,20.801398581211874,0.0,1131.2,1131.2,[112.9],"[0.0, 931.2]","[0.0, 50.0]","[-12.5, -11.7188, -10.9375, -10.1562, -9.375, -8.59375, -7.8125, -7.03125, -6.25, -5.46875, 12.5]",0.156,99878.0,0.152469859,227.999985,20.02521487630851,7.334195085641199,3.59167168e-10,201.0,0.002383079673764533,0.6455716693264005,455.999969,100365.22650111992,,,,,,,,,,,,,,,,,
B035_ray,2025-08-14 14:02:48.013873,ray,,0,0,0,931.2,A' 0.0,ray,1,,1156.0,31,1478.13,1600.0,1491.5909677419352,20.801398581211874,0.0,1131.2,1131.2,"[269.3, 277.4, 282.3]","[0.0, 931.2]","[0.0, 50.0]","[-19.5, -17.94, -16.38, -14.82, -13.26, -11.7, -10.14, -8.58, -7.02, -5.46, 19.5]",0.125,,,,,,,,,,,,1.0,109205.0,50086.50593388029,931.2003217051861,7862136.482145488,646.2963665960492,233.0,0.0,,,,,,,,,
B035_shd,2025-08-14 14:02:49.226801,shd,,0,0,0,931.2,C'				! Run type,shd,1,,1156.0,31,1478.13,1600.0,1491.5909677419352,20.801398581211874,0.0,1131.2,1131.2,[72.0],"[0.0, 931.2]","[0.0, 50.0]","[-73.3, -73.2868, -73.2736, -73.2605, -73.2473, -73.2341, -73.2209, -73.2078, -73.1946, -73.1814, 80.8]",1.58,,,,,,,,,,,,,,,,,,,,0.0,0.0,0.0,,,,,,
B036_arr,2025-08-14 14:02:49.547731,arr,,0,0,0,1490.9,A'				! Run type,arr,1,,1307.0,40,1483.3,1600.0,1498.0887500000001,17.52072432685076,0.0,1690.9,1690.9,"[43.7, 82.2]","[0.0, 1490.9]","[0.0, 50.0]","[-19.4, -18.2914, -17.1829, -16.0743, -14.9657, -13.8571, -12.7486, -11.64, -10.5314, -9.42286, 19.4]",0.484,210856.0,0.148221672,222.0,19.86332684767051,7.404237100340453,4.57513305e-10,201.0,0.0011661554475466773,0.44630870079188856,444.0,94498.00604358736,,,,,,,,,,,,,,,,,
B036_ray,2025-08-14 14:02:49.828789,ray,,0,0,0,1490.9,A' 0.0,ray,1,,1307.0,40,1483.3,1600.0,1498.0887500000001,17.52072432685076,0.0,1690.9,1690.9,"[73.6, 184.4, 247.5]","[0.0, 1490.9]","[0.0, 50.0]","[-21.4, -20.103, -18.8061, -17.5091, -16.2121, -14.9152, -13.6182, -12.3212, -11.0242, -9.72727, 21.4]",0.156,,,,,,,,,,,,1.0,116490.0,50148.63318012553,1490.9005683363428,10331208.199779872,900.3138935213394,282.0,0.0,,,,,,,,,
B036_shd,2025-08-14 14:02:51.155076,shd,,0,0,0,1490.9,C'				! Run type,shd,1,,1307.0,40,1483.3,1600.0,1498.0887500000001,17.52072432685076,0.0,1690.9,1690.9,[100.6],"[0.0, 1490.9]","[0.0, 50.0]","[-73.9, -73.8882, -73.8764, -73.8646, -73.8527, -73.8409, -73.8291, -73.8173, -73.8055, -73.7937, 74.9]",1.8,,,,,,,,,,,,,,,,,,,,0.0,0.0,0.0,,,,,,
B037_arr,2025-08-14 14:02:51.487963,arr,,0,0,0,4837.3,A'				! Run type,arr,1,,1190.0,50,1475.27,1600.0,1492.9264,17.780949778906635,0.0,5037.3,5037.3,"[122.1, 192.2]","[0.0, 4837.3]","[0.0, 50.0]","[-23.8, -22.2133, -20.6267, -19.04, -17.4533, -15.8667, -14.28, -12.6933, -11.1067, -9.52, 23.8]",0.281,125289.0,0.172962174,259.0,23.52766152563578,8.439446200881768,5.84686854e-10,201.0,0.0019743966547352103,0.5813009930302535,518.0,18819.84154920027,,,,,,,,,,,,,,,,,
B037_ray,2025-08-14 14:02:51.656966,ray,,0,0,0,4837.3,A' 0.0,ray,1,,1190.0,50,1475.27,1600.0,1492.9264,17.780949778906635,0.0,5037.3,5037.3,[142.2],"[0.0, 4837.3]","[0.0, 50.0]","[-18.7, -16.7316, -14.7632, -12.7947, -10.8263, -8.85789, -6.88947, -4.92105, -2.95263, -0.984211, 18.7]",0.0,,,,,,,,,,,,1.0,7452.0,50454.808202709835,4837.301055665071,1983533.7706481605,137.2865750347495,59.0,0.0,,,,,,,,,
B037_shd,2025-08-14 14:02:51.747661,shd,,0,0,0,4837.3,C'				! Run type,shd,1,,1190.0,50,1475.27,1600.0,1492.9264,17.780949778906635,0.0,5037.3,5037.3,[159.3],"[0.0, 4837.3]","[0.0, 50.0]","[-83.5, -83.4849, -83.4699, -83.4548, -83.4397, -83.4247, -83.4096, -83.3945, -83.3794, -83.3644, 83.3]",1.47,,,,,,,,,,,,,,,,,,,,0.0,0.0,0.0,,,,,,
B038_arr,2025-08-14 14:02:52.087526,arr,,0,0,0,420.7,A'				! Run type,arr,1,,2057.0,29,1492.67,1600.0,1504.6444827586206,18.421095400842596,0.0,620.7,620.7,"[48.0, 158.0]","[0.0, 420.7]","[0.0, 50.0]","[-10.7, -10.1216, -9.54324, -8.96486, -8.38649, -7.80811, -7.22973, -6.65135, -6.07297, -5.49459, 10.7]",0.922,433660.0,0.164906457,248.0,20.02871078840618,8.029101861240504,3.56787777e-09,201.0,0.0005816388424327021,0.31278117935132427,496.0,442038.42237598717,,,,,,,,,,,,,,,,,
B038_ray,2025-08-14 14:02:52.695492,ray,,0,0,0,420.7,A' 0.0,ray,1,,2057.0,29,1492.67,1600.0,1504.6444827586206,18.421095400842596,0.0,620.7,620.7,"[71.6, 293.8]","[0.0, 420.7]","[0.0, 50.0]","[-18.2, -16.6833, -15.1667, -13.65, -12.1333, -10.6167, -9.1, -7.58333, -6.06667, -4.55, 18.2]",0.156,,,,,,,,,,,,1.0,132572.0,50041.248173606386,420.7001408253019,5008241.723062585,522.081838215951,115.0,0.0,,,,,,,,,
B038_shd,2025-08-14 14:02:54.216685,shd,,0,0,0,420.7,C'				! Run type,shd,1,,2057.0,29,1492.67,1600.0,1504.6444827586206,18.421095400842596,0.0,620.7,620.7,[191.2],"[0.0, 420.7]","[0.0, 50.0]","[-79.4, -79.3909, -79.3818, -79.3727, -79.3636, -79.3545, -79.3454, -79.3363, -79.3272, -79.3181, 84.6]",3.12,,,,,,,,,,,,,,,,,,,,0.0,0.0,0.0,,,,,,
B039_arr,2025-08-14 14:02:54.540717,arr,,0,0,0,2848.2,A'				! Run type,arr,1,,1754.0,44,1474.13,1600.0,1496.1706818181813,18.71531803311336,0.0,3048.2,3048.2,[51.9],"[0.0, 2848.2]","[0.0, 50.0]","[-13.4, -11.9895, -10.5789, -9.16842, -7.75789, -6.34737, -4.93684, -3.52632, -2.11579, -0.705263, 13.4]",0.109,48727.0,0.145182967,215.0,19.12581912173446,7.292530053223265,6.46321385e-10,201.0,0.004946110425926124,0.9275343151301731,430.0,191294.55374659703,,,,,,,,,,,,,,,,,
B039_ray,2025-08-14 14:02:54.606496,ray,,0,0,0,2848.2,A' 0.0,ray,1,,1754.0,44,1474.13,1600.0,1496.1706818181813,18.71531803311336,0.0,3048.2,3048.2,"[83.2, 255.6, 274.5]","[0.0, 2848.2]","[0.0, 50.0]","[-16.6, -15.4933, -14.3867, -13.28, -12.1733, -11.0667, -9.96, -8.85333, -7.74667, -6.64, 16.6]",0.0625,,,,,,,,,,,,1.0,55922.0,50280.35959573469,2848.200901693492,9399177.461639587,722.8502494919946,277.0,0.0,,,,,,,,,
B039_shd,2025-08-14 14:02:55.247899,shd,,0,0,0,2848.2,C'				! Run type,shd,1,,1754.0,44,1474.13,1600.0,1496.1706818181813,18.71531803311336,0.0,3048.2,3048.2,[116.8],"[0.0, 2848.2]","[0.0, 50.0]","[-89.7, -89.6887, -89.6773, -89.666, -89.6547, -89.6433, -89.632, -89.6207, -89.6093, -89.598, 74.9]",2.05,,,,,,,,,,,,,,,,,,,,0.0,0.0,0.0,,,,,,
B040_arr,2025-08-14 14:02:55.589755,arr,,0,0,0,2373.8,A'				! Run type,arr,1,,946.5,38,1460.0,1600.0,1466.9394736842105,22.437867539563374,0.0,2573.8,2573.8,"[90.7, 137.8, 140.6]","[0.0, 2373.8]","[0.0, 50.0]","[-24.7, -23.3278, -21.9556, -20.5833, -19.2111, -17.8389, -16.4667, -15.0944, -13.7222, -12.35, 24.7]",0.578,356849.0,0.180249974,262.999969,23.171853126055222,8.391797412089582,3.73492418e-11,201.0,0.0007003831514646923,0.34374224698879735,525.999939,57552.54589213567,,,,,,,,,,,,,,,,,
B040_ray,2025-08-14 14:02:56.091791,ray,,0,0,0,2373.8,A' 0.0,ray,1,,946.5,38,1460.0,1600.0,1466.9394736842105,22.437867539563374,0.0,2573.8,2573.8,"[48.4, 78.9, 288.4]","[0.0, 2373.8]","[0.0, 50.0]","[-23.4, -22.1351, -20.8703, -19.6054, -18.3405, -17.0757, -15.8108, -14.5459, -13.2811, -12.0162, 23.4]",0.0781,,,,,,,,,,,,1.0,64178.0,50228.72508819302,2373.8007602636208,11546721.69533028,740.152690987635,325.0,0.0,,,,,,,,,
B040_shd,2025-08-14 14:02:56.826333,shd,,0,0,0,2373.8,C'				! Run type,shd,1,,946.5,38,1460.0,1600.0,1466.9394736842105,22.437867539563374,0.0,2573.8,2573.8,[199.1],"[0.0, 2373.8]","[0.0, 50.0]","[-89.8, -89.7824, -89.7648, -89.7472, -89.7297, -89.7121, -89.6945, -89.6769, -89.6593, -89.6417, 84.6]",1.11,,,,,,,,,,,,,,,,,,,,0.0,0.0,0.0,,,,,,
B041_arr,2025-08-14 14:02:57.158513,arr,,0,0,0,908.7,A'				! Run type,arr,1,,1343.0,31,1475.83,1600.0,1490.4245161290319,21.13952479685475,0.0,1108.7,1108.7,[157.2],"[0.0, 908.7]","[0.0, 50.0]","[-18.7, -17.1417, -15.5833, -14.025, -12.4667, -10.9083, -9.35, -7.79167, -6.23333, -4.675, 18.7]",0.234,124060.0,0.173293307,259.0,20.433911791531912,8.486428181788261,2.4588136e-09,201.0,0.0019844805987385404,0.5829853605585131,518.0,207956.66566220424,,,,,,,,,,,,,,,,,
B041_ray,2025-08-14 14:02:57.325170,ray,,0,0,0,908.7,A' 0.0,ray,1,,1343.0,31,1475.83,1600.0,1490.4245161290319,21.13952479685475,0.0,1108.7,1108.7,[73.1],"[0.0, 908.7]","[0.0, 50.0]","[-23.3, -21.9686, -20.6371, -19.3057, -17.9743, -16.6429, -15.3114, -13.98, -12.6486, -11.3171, 23.3]",0.0625,,,,,,,,,,,,1.0,54819.0,50086.64734336358,908.7003291813603,3611404.3287333813,293.8950878409693,73.0,0.0,,,,,,,,,
B041_shd,2025-08-14 14:02:57.963316,shd,,0,0,0,908.7,C'				! Run type,shd,1,,1343.0,31,1475.83,1600.0,1490.4245161290319,21.13952479685475,0.0,1108.7,1108.7,[69.9],"[0.0, 908.7]","[0.0, 50.0]","[-77.2, -77.1898, -77.1797, -77.1695, -77.1594, -77.1492, -77.1391, -77.1289, -77.1187, -77.1086, 76.4]",1.91,,,,,,,,,,,,,,,,,,,,0.0,0.0,0.0,,,,,,
B042_arr,2025-08-14 14:02:58.286539,arr,,0,0,0,1515.0,A'				! Run type,arr,1,,834.3,40,1488.59,1600.0,1500.435,17.387135042898826,0.0,1715.0,1715.0,"[82.5, 251.5]","[0.0, 1515.0]","[0.0, 50.0]","[-20.1, -18.1857, -16.2714, -14.3571, -12.4429, -10.5286, -8.61429, -6.7, -4.78571, -2.87143, 20.1]",0.281,123912.0,0.190825582,287.5,20.660828841893554,8.671472316269067,1.47399937e-09,201.0,0.0019133210769877705,0.5786456084890169,575.0,224180.31356674703,,,,,,,,,,,,,,,,,
B042_ray,2025-08-14 14:02:58.448112,ray,,0,0,0,1515.0,A' 0.0,ray,1,,834.3,40,1488.59,1600.0,1500.435,17.387135042898826,0.0,1715.0,1715.0,[65.8],"[0.0, 1515.0]","[0.0, 50.0]","[-22.6, -20.4476, -18.2952, -16.1429, -13.9905, -11.8381, -9.68571, -7.53333, -5.38095, -3.22857, 22.6]",0.0312,,,,,,,,,,,,1.0,23978.0,50146.52498355804,1515.0004779361213,2196036.116259211,189.33928515061206,48.0,0.0,,,,,,,,,
B042_shd,2025-08-14 14:02:58.725185,shd,,0,0,0,1515.0,C'				! Run type,shd,1,,834.3,40,1488.59,1600.0,1500.435,17.387135042898826,0.0,1715.0,1715.0,[194.2],"[0.0, 1515.0]","[0.0, 50.0]","[-76.4, -76.3817, -76.3635, -76.3452, -76.327, -76.3087, -76.2905, -76.2722, -76.2539, -76.2357, 82.6]",1.25,,,,,,,,,,,,,,,,,,,,0.0,0.0,0.0,,,,,,
B043_arr,2025-08-14 14:02:59.055136,arr,,0,0,0,5442.1,A'				! Run type,arr,1,,908.2,56,1476.78,1600.0,1495.8719642857143,15.739918022526904,0.0,5642.1,5642.1,"[48.4, 80.5, 180.0]","[0.0, 5442.1]","[0.0, 50.0]","[-14.4, -13.6421, -12.8842, -12.1263, -11.3684, -10.6105, -9.85263, -9.09474, -8.33684, -7.57895, 14.4]",0.141,59405.0,0.189619869,283.0,22.073982684056006,8.501522670507299,6.29472974e-10,201.0,0.003995381606514747,0.8370779336360978,566.0,11683.030168096166,,,,,,,,,,,,,,,,,
B043_ray,2025-08-14 14:02:59.143111,ray,,0,0,0,5442.1,A' 0.0,ray,1,,908.2,56,1476.78,1600.0,1495.8719642857143,15.739918022526904,0.0,5642.1,5642.1,"[110.5, 116.5]","[0.0, 5442.1]","[0.0, 50.0]","[-12.5, -11.8056, -11.1111, -10.4167, -9.72222, -9.02778, -8.33333, -7.63889, -6.94444, -6.25, 12.5]",0.0312,,,,,,,,,,,,1.0,20588.0,50530.85666493284,5442.101046460245,7433708.7944092555,513.9125176325005,221.0,0.0,,,,,,,,,
B043_shd,2025-08-14 14:02:59.381356,shd,,0,0,0,5442.1,C'				! Run type,shd,1,,908.2,56,1476.78,1600.0,1495.8719642857143,15.739918022526904,0.0,5642.1,5642.1,[67.8],"[0.0, 5442.1]","[0.0, 50.0]","[-86.6, -86.5843, -86.5686, -86.5529, -86.5371, -86.5214, -86.5057, -86.49, -86.4743, -86.4586, 79.5]",1.52,,,,,,,,,,,,,,,,,,,,0.0,0.0,0.0,,,,,,
B044_arr,2025-08-14 14:02:59.721595,arr,,0,0,0,587.0,A'				! Run type,arr,1,,2238.0,26,1492.12,1600.0,1505.0753846153846,19.771843077928395,0.0,787.0,787.0,[120.7],"[0.0, 587.0]","[0.0, 50.0]","[-17.1, -15.8786, -14.6571, -13.4357, -12.2143, -10.9929, -9.77143, -8.55, -7.32857, -6.10714, 17.1]",0.188,98256.0,0.19763799,297.000031,19.562413361499146,8.512114424455397,4.14211332e-09,201.0,0.0023731188072713657,0.6483325635514999,594.000061,373440.5884261977,,,,,,,,,,,,,,,,,
B044_ray,2025-08-14 14:02:59.854155,ray,,0,0,0,587.0,A' 0.0,ray,1,,2238.0,26,1492.12,1600.0,1505.0753846153846,19.771843077928395,0.0,787.0,787.0,"[95.0, 194.6]","[0.0, 587.0]","[0.0, 50.0]","[-15.8, -14.7103, -13.6207, -12.531, -11.4414, -10.3517, -9.26207, -8.17241, -7.08276, -5.9931, 15.8]",0.141,,,,,,,,,,,,1.0,105268.0,50057.20755762667,587.0001870474947,6009932.846707154,597.742820722809,142.0,0.0,,,,,,,,,
B044_shd,2025-08-14 14:03:01.244763,shd,,0,0,0,587.0,C'				! Run type,shd,1,,2238.0,26,1492.12,1600.0,1505.0753846153846,19.771843077928395,0.0,787.0,787.0,[66.7],"[0.0, 587.0]","[0.0, 50.0]","[-78.6, -78.592, -78.5839, -78.5759, -78.5679, -78.5599, -78.5518, -78.5438, -78.5358, -78.5278, 81.6]",2.75,,,,,,,,,,,,,,,,,,,,0.0,0.0,0.0,,,,,,
B045_arr,2025-08-14 14:03:01.662266,arr,,0,0,0,2801.5,A'				! Run type,arr,1,,1629.0,39,1480.57,1600.0,1497.9546153846154,18.85352512045044,0.0,3001.5,3001.5,"[48.5, 272.3]","[0.0, 2801.5]","[0.0, 50.0]","[-11.8, -11.0133, -10.2267, -9.44, -8.65333, -7.86667, -7.08, -6.29333, -5.50667, -4.72, 11.8]",0.109,46735.0,0.180354699,270.0,19.566292586733027,8.677993340498125,8.21253565e-10,201.0,0.005011619717936645,0.9414645734185348,540.0,29846.30767384858,,,,,,,,,,,,,,,,,
B045_ray,2025-08-14 14:03:01.734026,ray,,0,0,0,2801.5,A' 0.0,ray,1,,1629.0,39,1480.57,1600.0,1497.9546153846154,18.85352512045044,0.0,3001.5,3001.5,"[79.1, 146.2, 258.8]","[0.0, 2801.5]","[0.0, 50.0]","[-12.5, -11.413, -10.3261, -9.23913, -8.15217, -7.06522, -5.97826, -4.8913, -3.80435, -2.71739, 12.5]",0.0469,,,,,,,,,,,,1.0,38755.0,50267.261882583785,2801.500706248447,7244641.515276921,538.8654447803326,215.0,0.0,,,,,,,,,
B045_shd,2025-08-14 14:03:02.197764,shd,,0,0,0,2801.5,C'				! Run type,shd,1,,1629.0,39,1480.57,1600.0,1497.9546153846154,18.85352512045044,0.0,3001.5,3001.5,[189.3],"[0.0, 2801.5]","[0.0, 50.0]","[-75.2, -75.1898, -75.1797, -75.1695, -75.1593, -75.1492, -75.139, -75.1289, -75.1187, -75.1085, 76.1]",1.8,,,,,,,,,,,,,,,,,,,,0.0,0.0,0.0,,,,,,
B046_arr,2025-08-14 14:03:02.529649,arr,,0,0,0,2669.0,A'				! Run type,arr,1,,706.0,36,1460.0,1600.0,1467.1361111111112,22.821643756868873,0.0,2869.0,2869.0,"[123.5, 206.5, 262.4]","[0.0, 2669.0]","[0.0, 50.0]","[-15.3, -14.1231, -12.9462, -11.7692, -10.5923, -9.41538, -8.23846, -7.06154, -5.88462, -4.70769, 15.3]",0.25,138743.0,0.200827628,294.5,22.8232901931649,8.22083452418923,5.38466605e-10,201.0,0.0017287104057688541,0.5482071635750931,589.0,29474.013049413323,,,,,,,,,,,,,,,,,
B046_ray,2025-08-14 14:03:02.723003,ray,,0,0,0,2669.0,A' 0.0,ray,1,,706.0,36,1460.0,1600.0,1467.1361111111112,22.821643756868873,0.0,2869.0,2869.0,"[107.0, 219.2]","[0.0, 2669.0]","[0.0, 50.0]","[-19.5, -17.4474, -15.3947, -13.3421, -11.2895, -9.23684, -7.18421, -5.13158, -3.07895, -1.02632, 19.5]",0.0156,,,,,,,,,,,,1.0,19431.0,50234.68463647029,2669.000889035317,4010634.185378906,275.17235239047085,119.0,0.0,,,,,,,,,
B046_shd,2025-08-14 14:03:02.954452,shd,,0,0,0,2669.0,C'				! Run type,shd,1,,706.0,36,1460.0,1600.0,1467.1361111111112,22.821643756868873,0.0,2869.0,2869.0,[141.6],"[0.0, 2669.0]","[0.0, 50.0]","[-79.1, -79.0774, -79.0549, -79.0323, -79.0098, -78.9872, -78.9647, -78.9421, -78.9196, -78.897, 75.0]",0.734,,,,,,,,,,,,,,,,,,,,0.0,0.0,0.0,,,,,,
B047_arr,2025-08-14 14:03:03.300525,arr,,0,0,0,954.3,A'				! Run type,arr,1,,1206.0,27,1480.6,1600.0,1495.2681481481482,21.665153970619375,0.0,1154.3,1154.3,"[131.8, 293.7]","[0.0, 954.3]","[0.0, 50.0]","[-22.0, -20.087, -18.1739, -16.2609, -14.3478, -12.4348, -10.5217, -8.6087, -6.69565, -4.78261, 22.0]",0.5,256694.0,0.159670383,240.0,19.009950215664503,8.24524927062339,9.0139185e-10,201.0,0.0009814436616685657,0.40611676405222513,480.0,171544.3950612979,,,,,,,,,,,,,,,,,
B047_ray,2025-08-14 14:03:03.657336,ray,,0,0,0,954.3,A' 0.0,ray,1,,1206.0,27,1480.6,1600.0,1495.2681481481482,21.665153970619375,0.0,1154.3,1154.3,[93.8],"[0.0, 954.3]","[0.0, 50.0]","[-23.9, -22.3581, -20.8161, -19.2742, -17.7323, -16.1903, -14.6484, -13.1065, -11.5645, -10.0226, 23.9]",0.0469,,,,,,,,,,,,1.0,43877.0,50086.98145285952,954.3004286233663,3181548.618268326,277.10621739707256,68.0,0.0,,,,,,,,,
B047_shd,2025-08-14 14:03:04.155128,shd,,0,0,0,954.3,C'				! Run type,shd,1,,1206.0,27,1480.6,1600.0,1495.2681481481482,21.665153970619375,0.0,1154.3,1154.3,[72.8],"[0.0, 954.3]","[0.0, 50.0]","[-78.0, -77.9858, -77.9716, -77.9574, -77.9432, -77.929, -77.9148, -77.9006, -77.8864, -77.8722, 83.3]",1.27,,,,,,,,,,,,,,,,,,,,0.0,0.0,0.0,,,,,,
B048_arr,2025-08-14 14:03:04.482034,arr,,0,0,0,1574.8,A'				! Run type,arr,1,,1052.0,40,1488.75,1600.0,1500.643,17.300098150010594,0.0,1774.8,1774.8,"[52.3, 186.2]","[0.0, 1574.8]","[0.0, 50.0]","[-12.3, -11.6167, -10.9333, -10.25, -9.56667, -8.88333, -8.2, -7.51667, -6.83333, -6.15, 12.3]",0.297,125031.0,0.154607102,232.5,20.834934746744967,7.738120011060799,1.12065371e-10,201.0,0.0019012942729878437,0.5765153583349332,465.0,53421.89283960205,,,,,,,,,,,,,,,,,
B048_ray,2025-08-14 14:03:04.654453,ray,,0,0,0,1574.8,A' 0.0,ray,1,,1052.0,40,1488.75,1600.0,1500.643,17.300098150010594,0.0,1774.8,1774.8,[100.2],"[0.0, 1574.8]","[0.0, 50.0]","[-18.6, -17.5059, -16.4118, -15.3176, -14.2235, -13.1294, -12.0353, -10.9412, -9.84706, -8.75294, 18.6]",0.0469,,,,,,,,,,,,1.0,35116.0,50153.61980596352,1574.8005390137448,3504643.5337825743,271.0797322142194,94.0,0.0,,,,,,,,,
B048_shd,2025-08-14 14:03:05.069290,shd,,0,0,0,1574.8,C'				! Run type,shd,1,,1052.0,40,1488.75,1600.0,1500.643,17.300098150010594,0.0,1774.8,1774.8,[168.2],"[0.0, 1574.8]","[0.0, 50.0]","[-89.5, -89.4863, -89.4726, -89.4588, -89.4451, -89.4314, -89.4177, -89.404, -89.3903, -89.3765, 80.7]",1.7,,,,,,,,,,,,,,,,,,,,0.0,0.0,0.0,,,,,,
B049_arr,2025-08-14 14:03:05.392251,arr,,0,0,0,4713.1,A'				! Run type,arr,1,,1075.0,49,1480.38,1600.0,1493.6404081632654,17.08830665464541,0.0,4913.1,4913.1,"[63.9, 94.5, 108.2]","[0.0, 4713.1]","[0.0, 50.0]","[-13.2, -12.2571, -11.3143, -10.3714, -9.42857, -8.48571, -7.54286, -6.6, -5.65714, -4.71429, 13.2]",0.109,50695.0,0.286206335,212.000015,18.971756820794816,7.252820441838347,3.50620061e-10,201.0,0.004624618254762026,0.9039470921488176,424.000031,12095.149948435135,,,,,,,,,,,,,,,,,
B049_ray,2025-08-14 14:03:05.464011,ray,,0,0,0,4713.1,A' 0.0,ray,1,,1075.0,49,1480.38,1600.0,1493.6404081632654,17.08830665464541,0.0,4913.1,4913.1,"[48.4, 95.2]","[0.0, 4713.1]","[0.0, 50.0]","[-14.8, -13.3905, -11.981, -10.5714, -9.1619, -7.75238, -6.34286, -4.93333, -3.52381, -2.11429, 14.8]",0.0156,,,,,,,,,,,,1.0,14665.0,50447.30145072695,4713.101160463967,4409243.243653207,304.72409965207044,131.0,0.0,,,,,,,,,
B049_shd,2025-08-14 14:03:05.628383,shd,,0,0,0,4713.1,C'				! Run type,shd,1,,1075.0,49,1480.38,1600.0,1493.6404081632654,17.08830665464541,0.0,4913.1,4913.1,[59.1],"[0.0, 4713.1]","[0.0, 50.0]","[-76.0, -75.9831, -75.9663, -75.9494, -75.9325, -75.9156, -75.8988, -75.8819, -75.865, -75.8481, 70.2]",1.11,,,,,,,,,,,,,,,,,,,,0.0,0.0,0.0,,,,,,
B050_arr,2025-08-14 14:03:05.951305,arr,,0,0,0,563.2,A'				! Run type,arr,1,,1909.0,33,1491.79,1600.0,1504.262121212121,17.75208681844335,0.0,763.2,763.2,"[66.1, 134.4, 251.7]","[0.0, 563.2]","[0.0, 50.0]","[-24.5, -23.2105, -21.9211, -20.6316, -19.3421, -18.0526, -16.7632, -15.4737, -14.1842, -12.8947, 24.5]",0.875,491905.0,0.174179882,262.5,18.702837072386597,8.866268364908754,6.59447774e-10,201.0,0.0005167014116953819,0.29277552240894017,525.0,652826.6316676657,,,,,,,,,,,,,,,,,
B050_ray,2025-08-14 14:03:06.677493,ray,,0,0,0,563.2,A' 0.0,ray,1,,1909.0,33,1491.79,1600.0,1504.262121212121,17.75208681844335,0.0,763.2,763.2,"[101.2, 105.4]","[0.0, 563.2]","[0.0, 50.0]","[-24.0, -22.08, -20.16, -18.24, -16.32, -14.4, -12.48, -10.56, -8.64, -6.72, 24.0]",0.172,,,,,,,,,,,,1.0,128423.0,50055.34026060804,563.2002503551254,4886838.181482795,555.1355785521027,97.0,0.0,,,,,,,,,
B050_shd,2025-08-14 14:03:08.131228,shd,,0,0,0,563.2,C'				! Run type,shd,1,,1909.0,33,1491.79,1600.0,1504.262121212121,17.75208681844335,0.0,763.2,763.2,[173.3],"[0.0, 563.2]","[0.0, 50.0]","[-77.1, -77.0913, -77.0826, -77.0739, -77.0652, -77.0565, -77.0478, -77.0391, -77.0304, -77.0218, 82.9]",3.38,,,,,,,,,,,,,,,,,,,,0.0,0.0,0.0,,,,,,
B051_arr,2025-08-14 14:03:08.462134,arr,,0,0,0,3171.4,A'				! Run type,arr,1,,1277.0,45,1479.53,1600.0,1499.3077777777778,17.53323420616958,0.0,3371.4,3371.4,"[49.1, 208.3, 248.5]","[0.0, 3171.4]","[0.0, 50.0]","[-20.1, -18.6643, -17.2286, -15.7929, -14.3571, -12.9214, -11.4857, -10.05, -8.61429, -7.17857, 20.1]",0.266,145521.0,0.167751521,251.500015,22.118528525274616,8.661699798497635,1.44610338e-10,201.0,0.0016090476063760698,0.5327401992547736,503.000031,28331.678882432985,,,,,,,,,,,,,,,,,
B051_ray,2025-08-14 14:03:08.660457,ray,,0,0,0,3171.4,A' 0.0,ray,1,,1277.0,45,1479.53,1600.0,1499.3077777777778,17.53323420616958,0.0,3371.4,3371.4,[75.0],"[0.0, 3171.4]","[0.0, 50.0]","[-20.7, -19.3645, -18.029, -16.6935, -15.3581, -14.0226, -12.6871, -11.3516, -10.0161, -8.68065, 20.7]",0.0156,,,,,,,,,,,,1.0,18780.0,50243.34921207873,3171.4009030501943,3213075.3136652345,226.94161026509593,93.0,0.0,,,,,,,,,
B051_shd,2025-08-14 14:03:08.881717,shd,,0,0,0,3171.4,C'				! Run type,shd,1,,1277.0,45,1479.53,1600.0,1499.3077777777778,17.53323420616958,0.0,3371.4,3371.4,[72.0],"[0.0, 3171.4]","[0.0, 50.0]","[-77.1, -77.0852, -77.0705, -77.0557, -77.041, -77.0262, -77.0115, -76.9967, -76.982, -76.9672, 74.7]",1.36,,,,,,,,,,,,,,,,,,,,0.0,0.0,0.0,,,,,,
B052_arr,2025-08-14 14:03:09.212116,arr,,0,0,0,2341.4,A'				! Run type,arr,1,,662.7,37,1460.0,1600.0,1468.338108108108,22.703673573191686,0.0,2541.4,2541.4,"[69.4, 252.2]","[0.0, 2341.4]","[0.0, 50.0]","[-13.5, -12.75, -12.0, -11.25, -10.5, -9.75, -9.0, -8.25, -7.5, -6.75, 13.5]",0.156,111250.0,0.186006963,272.0,23.034017669841283,8.043161712072576,1.5650958e-11,201.0,0.0021665104294081123,0.6132944963749402,544.0,80564.5928953248,,,,,,,,,,,,,,,,,
B052_ray,2025-08-14 14:03:09.363611,ray,,0,0,0,2341.4,A' 0.0,ray,1,,662.7,37,1460.0,1600.0,1468.338108108108,22.703673573191686,0.0,2541.4,2541.4,"[87.1, 101.6]","[0.0, 2341.4]","[0.0, 50.0]","[-19.9, -18.7294, -17.5588, -16.3882, -15.2176, -14.0471, -12.8765, -11.7059, -10.5353, -9.36471, 19.9]",0.0469,,,,,,,,,,,,1.0,39420.0,50233.51301219531,2341.400754320136,7053649.361890432,492.9076902017671,209.0,0.0,,,,,,,,,
B052_shd,2025-08-14 14:03:09.809853,shd,,0,0,0,2341.4,C'				! Run type,shd,1,,662.7,37,1460.0,1600.0,1468.338108108108,22.703673573191686,0.0,2541.4,2541.4,[160.2],"[0.0, 2341.4]","[0.0, 50.0]","[-79.6, -79.5728, -79.5456, -79.5184, -79.4912, -79.464, -79.4368, -79.4096, -79.3824, -79.3552, 74.3]",0.625,,,,,,,,,,,,,,,,,,,,0.0,0.0,0.0,,,,,,
B053_arr,2025-08-14 14:03:10.127790,arr,,0,0,0,934.8,A'				! Run type,arr,1,,1469.0,34,1477.55,1600.0,1493.4905882352944,20.147807637436777,0.0,1134.8,1134.8,[58.4],"[0.0, 934.8]","[0.0, 50.0]","[-23.7, -21.6391, -19.5783, -17.5174, -15.4565, -13.3957, -11.3348, -9.27391, -7.21304, -5.15217, 23.7]",0.219,112628.0,0.151067212,226.000015,18.44473445019218,8.175162364144034,1.76731296e-09,201.0,0.002222179183415542,0.6144057651808553,452.000031,241411.18668181865,,,,,,,,,,,,,,,,,
B053_ray,2025-08-14 14:03:10.279284,ray,,0,0,0,934.8,A' 0.0,ray,1,,1469.0,34,1477.55,1600.0,1493.4905882352944,20.147807637436777,0.0,1134.8,1134.8,"[151.8, 224.0]","[0.0, 934.8]","[0.0, 50.0]","[-18.8, -17.2333, -15.6667, -14.1, -12.5333, -10.9667, -9.4, -7.83333, -6.26667, -4.7, 18.8]",0.0938,,,,,,,,,,,,1.0,79833.0,50089.1379716608,934.8003420481382,5033497.619192501,489.08624528593754,138.0,0.0,,,,,,,,,
B053_shd,2025-08-14 14:03:11.192275,shd,,0,0,0,934.8,C'				! Run type,shd,1,,1469.0,34,1477.55,1600.0,1493.4905882352944,20.147807637436777,0.0,1134.8,1134.8,[106.4],"[0.0, 934.8]","[0.0, 50.0]","[-88.0, -87.9883, -87.9766, -87.965, -87.9533, -87.9416, -87.9299, -87.9183, -87.9066, -87.8949, 82.5]",2.03,,,,,,,,,,,,,,,,,,,,0.0,0.0,0.0,,,,,,
B054_arr,2025-08-14 14:03:11.534838,arr,,0,0,0,1481.4,A'				! Run type,arr,1,,1068.0,38,1489.14,1600.0,1500.6278947368423,17.321179332326192,0.0,1681.4,1681.4,"[76.5, 205.0, 265.5]","[0.0, 1481.4]","[0.0, 50.0]","[-19.2, -18.1895, -17.1789, -16.1684, -15.1579, -14.1474, -13.1368, -12.1263, -11.1158, -10.1053, 19.2]",0.375,324123.0,0.178586826,268.5,22.21334782017428,8.267835554268313,9.23807142e-10,201.0,0.0007487383011515479,0.3583657281632545,537.0,107281.08572961205,,,,,,,,,,,,,,,,,
B054_ray,2025-08-14 14:03:11.991311,ray,,0,0,0,1481.4,A' 0.0,ray,1,,1068.0,38,1489.14,1600.0,1500.6278947368423,17.321179332326192,0.0,1681.4,1681.4,"[85.8, 198.0, 282.3]","[0.0, 1481.4]","[0.0, 50.0]","[-21.0, -19.7273, -18.4545, -17.1818, -15.9091, -14.6364, -13.3636, -12.0909, -10.8182, -9.54545, 21.0]",0.141,,,,,,,,,,,,1.0,105874.0,50146.76635732567,1481.400543488756,10315932.995822998,784.3515273943619,287.0,0.0,,,,,,,,,
B054_shd,2025-08-14 14:03:13.203629,shd,,0,0,0,1481.4,C'				! Run type,shd,1,,1068.0,38,1489.14,1600.0,1500.6278947368423,17.321179332326192,0.0,1681.4,1681.4,[64.9],"[0.0, 1481.4]","[0.0, 50.0]","[-88.2, -88.1817, -88.1634, -88.1451, -88.1267, -88.1084, -88.0901, -88.0718, -88.0535, -88.0352, 75.3]",1.19,,,,,,,,,,,,,,,,,,,,0.0,0.0,0.0,,,,,,
B055_arr,2025-08-14 14:03:13.538385,arr,,0,0,0,5220.0,A'				! Run type,arr,1,,1150.0,54,1479.79,1600.0,1494.8640740740743,16.580978561851744,0.0,5420.0,5420.0,"[59.7, 84.6, 172.6]","[0.0, 5220.0]","[0.0, 50.0]","[-15.8, -14.9222, -14.0444, -13.1667, -12.2889, -11.4111, -10.5333, -9.65556, -8.77778, -7.9, 15.8]",0.156,93607.0,0.144345269,212.5,18.595821314724798,7.085983261491577,5.51337413e-11,201.0,0.0026975710861808777,0.6761988277607214,425.0,12212.91599866681,,,,,,,,,,,,,,,,,
B055_ray,2025-08-14 14:03:13.711804,ray,,0,0,0,5220.0,A' 0.0,ray,1,,1150.0,54,1479.79,1600.0,1494.8640740740743,16.580978561851744,0.0,5420.0,5420.0,"[82.6, 114.6, 267.6]","[0.0, 5220.0]","[0.0, 50.0]","[-19.3, -17.6217, -15.9435, -14.2652, -12.587, -10.9087, -9.23043, -7.55217, -5.87391, -4.19565, 19.3]",0.0312,,,,,,,,,,,,1.0,26980.0,50498.526746400814,5220.001694455932,7288915.747847277,497.9449731338244,215.0,0.0,,,,,,,,,
B055_shd,2025-08-14 14:03:14.213449,shd,,0,0,0,5220.0,C'				! Run type,shd,1,,1150.0,54,1479.79,1600.0,1494.8640740740743,16.580978561851744,0.0,5420.0,5420.0,[75.2],"[0.0, 5220.0]","[0.0, 50.0]","[-79.8, -79.7863, -79.7726, -79.759, -79.7453, -79.7316, -79.7179, -79.7042, -79.6905, -79.6769, 79.7]",1.64,,,,,,,,,,,,,,,,,,,,0.0,0.0,0.0,,,,,,
B056_arr,2025-08-14 14:03:14.572251,arr,,0,0,0,406.5,A'				! Run type,arr,1,,2125.0,30,1495.13,1600.0,1505.659333333333,17.907506234971844,0.0,606.5,606.5,"[135.4, 240.8]","[0.0, 406.5]","[0.0, 50.0]","[-18.7, -17.2615, -15.8231, -14.3846, -12.9462, -11.5077, -10.0692, -8.63077, -7.19231, -5.75385, 18.7]",0.531,247234.0,0.145383149,219.0,16.256304737808204,7.770662475074966,4.58512961e-09,201.0,0.0009904878145983059,0.4106738497926748,438.0,598564.9571259362,,,,,,,,,,,,,,,,,
B056_ray,2025-08-14 14:03:14.927063,ray,,0,0,0,406.5,A' 0.0,ray,1,,2125.0,30,1495.13,1600.0,1505.659333333333,17.907506234971844,0.0,606.5,606.5,"[88.2, 89.7, 209.8]","[0.0, 406.5]","[0.0, 50.0]","[-20.9, -18.9095, -16.919, -14.9286, -12.9381, -10.9476, -8.95714, -6.96667, -4.97619, -2.98571, 20.9]",0.266,,,,,,,,,,,,1.0,199334.0,50039.99546668011,406.50014463717963,6469829.0805480415,695.7630650526773,132.0,0.0,,,,,,,,,
B056_shd,2025-08-14 14:03:17.215514,shd,,0,0,0,406.5,C'				! Run type,shd,1,,2125.0,30,1495.13,1600.0,1505.659333333333,17.907506234971844,0.0,606.5,606.5,[100.6],"[0.0, 406.5]","[0.0, 50.0]","[-89.6, -89.5928, -89.5855, -89.5783, -89.571, -89.5638, -89.5565, -89.5493, -89.542, -89.5348, 78.0]",4.39,,,,,,,,,,,,,,,,,,,,0.0,0.0,0.0,,,,,,
B057_arr,2025-08-14 14:03:17.542473,arr,,0,0,0,2839.0,A'				! Run type,arr,1,,1530.0,43,1484.27,1600.0,1501.7518604651164,17.547133106567575,0.0,3039.0,3039.0,"[205.8, 252.6]","[0.0, 2839.0]","[0.0, 50.0]","[-16.3, -14.996, -13.692, -12.388, -11.084, -9.78, -8.476, -7.172, -5.868, -4.564, 16.3]",0.172,73756.0,0.140582263,212.5,17.493663090609008,7.509291108444404,2.19675406e-11,201.0,0.003340767677965635,0.7568511052200118,425.0,25496.236837637873,,,,,,,,,,,,,,,,,
B057_ray,2025-08-14 14:03:17.645079,ray,,0,0,0,2839.0,A' 0.0,ray,1,,1530.0,43,1484.27,1600.0,1501.7518604651164,17.547133106567575,0.0,3039.0,3039.0,"[150.8, 278.3, 287.9]","[0.0, 2839.0]","[0.0, 50.0]","[-14.7, -13.65, -12.6, -11.55, -10.5, -9.45, -8.4, -7.35, -6.3, -5.25, 14.7]",0.0625,,,,,,,,,,,,1.0,51455.0,50264.19949068445,2839.000860574396,8783761.781351041,666.1132234920786,260.0,0.0,,,,,,,,,
B057_shd,2025-08-14 14:03:18.234087,shd,,0,0,0,2839.0,C'				! Run type,shd,1,,1530.0,43,1484.27,1600.0,1501.7518604651164,17.547133106567575,0.0,3039.0,3039.0,[174.5],"[0.0, 2839.0]","[0.0, 50.0]","[-76.7, -76.6905, -76.6809, -76.6714, -76.6618, -76.6523, -76.6428, -76.6332, -76.6237, -76.6142, 76.8]",2.08,,,,,,,,,,,,,,,,,,,,0.0,0.0,0.0,,,,,,
B058_arr,2025-08-14 14:03:18.557395,arr,,0,0,0,2411.9,A'				! Run type,arr,1,,974.2,37,1460.0,1600.0,1468.3497297297297,22.588718720646096,0.0,2611.9,2611.9,"[198.0, 299.9]","[0.0, 2411.9]","[0.0, 50.0]","[-16.5, -15.4688, -14.4375, -13.4062, -12.375, -11.3438, -10.3125, -9.28125, -8.25, -7.21875, 16.5]",0.312,157383.0,0.185956821,271.5,22.635069808146255,8.064619633765401,2.86292018e-10,201.0,0.0015828084591483485,0.5192005182144933,543.0,33023.19725384692,,,,,,,,,,,,,,,,,
B058_ray,2025-08-14 14:03:18.771668,ray,,0,0,0,2411.9,A' 0.0,ray,1,,974.2,37,1460.0,1600.0,1468.3497297297297,22.588718720646096,0.0,2611.9,2611.9,"[216.6, 268.5, 295.1]","[0.0, 2411.9]","[0.0, 50.0]","[-24.2, -22.1833, -20.1667, -18.15, -16.1333, -14.1167, -12.1, -10.0833, -8.06667, -6.05, 24.2]",0.0469,,,,,,,,,,,,1.0,43872.0,50235.74595459346,2411.900777805908,7594904.36356818,506.5568079171351,224.0,0.0,,,,,,,,,
B058_shd,2025-08-14 14:03:19.285449,shd,,0,0,0,2411.9,C'				! Run type,shd,1,,974.2,37,1460.0,1600.0,1468.3497297297297,22.588718720646096,0.0,2611.9,2611.9,[83.0],"[0.0, 2411.9]","[0.0, 50.0]","[-81.0, -80.9793, -80.9586, -80.9379, -80.9172, -80.8965, -80.8758, -80.8551, -80.8344, -80.8138, 85.9]",0.891,,,,,,,,,,,,,,,,,,,,0.0,0.0,0.0,,,,,,
B059_arr,2025-08-14 14:03:19.623321,arr,,0,0,0,988.7,A'				! Run type,arr,1,,1328.0,29,1475.49,1600.0,1490.523448275862,22.012600823299934,0.0,1188.7,1188.7,"[37.0, 99.9, 109.5]","[0.0, 988.7]","[0.0, 50.0]","[-14.3, -13.527, -12.7541, -11.9811, -11.2081, -10.4351, -9.66216, -8.88919, -8.11622, -7.34324, 14.3]",0.516,244273.0,0.149850816,223.999985,19.942449007936165,7.241824263235153,8.05228606e-10,201.0,0.0009680259448252272,0.4111888690334895,447.999969,94638.45537635873,,,,,,,,,,,,,,,,,
B059_ray,2025-08-14 14:03:19.968816,ray,,0,0,0,988.7,A' 0.0,ray,1,,1328.0,29,1475.49,1600.0,1490.523448275862,22.012600823299934,0.0,1188.7,1188.7,[172.8],"[0.0, 988.7]","[0.0, 50.0]","[-11.8, -10.7739, -9.74783, -8.72174, -7.69565, -6.66957, -5.64348, -4.61739, -3.5913, -2.56522, 11.8]",0.0312,,,,,,,,,,,,1.0,26409.0,50092.762709580245,988.7002649178953,2372176.243814375,194.2065743006233,71.0,0.0,,,,,,,,,
B059_shd,2025-08-14 14:03:20.269862,shd,,0,0,0,988.7,C'				! Run type,shd,1,,1328.0,29,1475.49,1600.0,1490.523448275862,22.012600823299934,0.0,1188.7,1188.7,[59.0],"[0.0, 988.7]","[0.0, 50.0]","[-82.5, -82.4852, -82.4703, -82.4555, -82.4407, -82.4258, -82.411, -82.3962, -82.3813, -82.3665, 88.5]",1.36,,,,,,,,,,,,,,,,,,,,0.0,0.0,0.0,,,,,,
B060_arr,2025-08-14 14:03:20.596768,arr,,0,0,0,1507.4,A'				! Run type,arr,1,,1102.0,38,1484.83,1600.0,1500.5276315789474,18.000080034063373,0.0,1707.4,1707.4,"[149.3, 184.5]","[0.0, 1507.4]","[0.0, 50.0]","[-15.2, -14.4, -13.6, -12.8, -12.0, -11.2, -10.4, -9.6, -8.8, -8.0, 15.2]",0.125,99446.0,0.160302147,242.000015,19.374839385269794,8.460409941420856,1.5618814e-09,201.0,0.002423202728670767,0.6480903337000468,484.000031,85825.14245871437,,,,,,,,,,,,,,,,,
B060_ray,2025-08-14 14:03:20.733924,ray,,0,0,0,1507.4,A' 0.0,ray,1,,1102.0,38,1484.83,1600.0,1500.5276315789474,18.000080034063373,0.0,1707.4,1707.4,"[41.2, 254.3]","[0.0, 1507.4]","[0.0, 50.0]","[-18.6, -17.4375, -16.275, -15.1125, -13.95, -12.7875, -11.625, -10.4625, -9.3, -8.1375, 18.6]",0.0938,,,,,,,,,,,,1.0,70614.0,50144.663276643005,1507.4004920187833,6655091.159318144,555.5822525928626,165.0,0.0,,,,,,,,,
B060_shd,2025-08-14 14:03:21.545554,shd,,0,0,0,1507.4,C'				! Run type,shd,1,,1102.0,38,1484.83,1600.0,1500.5276315789474,18.000080034063373,0.0,1707.4,1707.4,[129.4],"[0.0, 1507.4]","[0.0, 50.0]","[-82.0, -81.984, -81.9679, -81.9519, -81.9359, -81.9198, -81.9038, -81.8878, -81.8717, -81.8557, 75.9]",1.3,,,,,,,,,,,,,,,,,,,,0.0,0.0,0.0,,,,,,
B061_arr,2025-08-14 14:03:21.880434,arr,,0,0,0,5298.9,A'				! Run type,arr,1,,1073.0,55,1478.65,1600.0,1495.0654545454545,16.327017521795728,0.0,5498.9,5498.9,"[115.4, 120.1, 145.1]","[0.0, 5298.9]","[0.0, 50.0]","[-21.6, -20.3657, -19.1314, -17.8971, -16.6629, -15.4286, -14.1943, -12.96, -11.7257, -10.4914, 21.6]",0.234,135400.0,0.140891805,210.0,19.296777392726927,7.008479518846926,7.42513662e-10,201.0,0.0018484173800079398,0.560363208513665,420.0,19433.51170639131,,,,,,,,,,,,,,,,,
B061_ray,2025-08-14 14:03:22.065217,ray,,0,0,0,5298.9,A' 0.0,ray,1,,1073.0,55,1478.65,1600.0,1495.0654545454545,16.327017521795728,0.0,5498.9,5498.9,[178.9],"[0.0, 5298.9]","[0.0, 50.0]","[-20.6, -18.7273, -16.8545, -14.9818, -13.1091, -11.2364, -9.36364, -7.49091, -5.61818, -3.74545, 20.6]",0.0156,,,,,,,,,,,,1.0,8502.0,50524.82912344426,5298.901575213961,2293993.5167848794,160.11393558314023,68.0,0.0,,,,,,,,,
B061_shd,2025-08-14 14:03:22.164879,shd,,0,0,0,5298.9,C'				! Run type,shd,1,,1073.0,55,1478.65,1600.0,1495.0654545454545,16.327017521795728,0.0,5498.9,5498.9,[127.6],"[0.0, 5298.9]","[0.0, 50.0]","[-87.5, -87.4861, -87.4722, -87.4583, -87.4444, -87.4305, -87.4167, -87.4028, -87.3889, -87.375, 89.2]",1.69,,,,,,,,,,,,,,,,,,,,0.0,0.0,0.0,,,,,,
B062_arr,2025-08-14 14:03:22.488328,arr,,0,0,0,421.2,A'				! Run type,arr,1,,1790.0,30,1488.89,1600.0,1500.759333333333,18.829235943665434,0.0,621.2,621.2,"[142.3, 160.4, 259.9]","[0.0, 421.2]","[0.0, 50.0]","[-24.7, -22.8, -20.9, -19.0, -17.1, -15.2, -13.3, -11.4, -9.5, -7.6, 24.7]",0.703,363231.0,0.176111847,264.500031,17.782289021956235,9.195208684149813,6.17613849e-10,201.0,0.0006837272555084451,0.3391094629790397,529.000061,1011347.986421483,,,,,,,,,,,,,,,,,
B062_ray,2025-08-14 14:03:22.993835,ray,,0,0,0,421.2,A' 0.0,ray,1,,1790.0,30,1488.89,1600.0,1500.759333333333,18.829235943665434,0.0,621.2,621.2,"[76.5, 249.3, 263.8]","[0.0, 421.2]","[0.0, 50.0]","[-22.8, -21.0462, -19.2923, -17.5385, -15.7846, -14.0308, -12.2769, -10.5231, -8.76923, -7.01538, 22.8]",0.312,,,,,,,,,,,,1.0,243968.0,50041.05239306454,421.2001590950685,7887023.244767825,906.7821192894309,181.0,0.0,,,,,,,,,
B062_shd,2025-08-14 14:03:25.801979,shd,,0,0,0,421.2,C'				! Run type,shd,1,,1790.0,30,1488.89,1600.0,1500.759333333333,18.829235943665434,0.0,621.2,621.2,[114.1],"[0.0, 421.2]","[0.0, 50.0]","[-87.4, -87.3909, -87.3817, -87.3726, -87.3635, -87.3544, -87.3452, -87.3361, -87.327, -87.3179, 89.0]",3.69,,,,,,,,,,,,,,,,,,,,0.0,0.0,0.0,,,,,,
B063_arr,2025-08-14 14:03:26.128274,arr,,0,0,0,2858.8,A'				! Run type,arr,1,,1485.0,37,1484.23,1600.0,1497.787027027027,18.33413134682177,0.0,3058.8,3058.8,"[244.0, 289.1]","[0.0, 2858.8]","[0.0, 50.0]","[-19.1, -17.6852, -16.2704, -14.8556, -13.4407, -12.0259, -10.6111, -9.1963, -7.78148, -6.36667, 19.1]",0.297,131360.0,0.19299233,290.5,21.950880328439716,8.492576043410725,2.1691475e-10,201.0,0.0018949084558845457,0.5683057641137312,581.0,30599.86422324754,,,,,,,,,,,,,,,,,
B063_ray,2025-08-14 14:03:26.305685,ray,,0,0,0,2858.8,A' 0.0,ray,1,,1485.0,37,1484.23,1600.0,1497.787027027027,18.33413134682177,0.0,3058.8,3058.8,"[152.6, 201.8, 263.1]","[0.0, 2858.8]","[0.0, 50.0]","[-23.8, -22.1, -20.4, -18.7, -17.0, -15.3, -13.6, -11.9, -10.2, -8.5, 23.8]",0.0781,,,,,,,,,,,,1.0,53665.0,50280.79334266517,2858.8011489876235,8860648.755357021,622.7697243242928,260.0,0.0,,,,,,,,,
B063_shd,2025-08-14 14:03:26.905234,shd,,0,0,0,2858.8,C'				! Run type,shd,1,,1485.0,37,1484.23,1600.0,1497.787027027027,18.33413134682177,0.0,3058.8,3058.8,[189.9],"[0.0, 2858.8]","[0.0, 50.0]","[-82.3, -82.2876, -82.2752, -82.2628, -82.2504, -82.238, -82.2256, -82.2132, -82.2008, -82.1884, 84.6]",1.59,,,,,,,,,,,,,,,,,,,,0.0,0.0,0.0,,,,,,
B064_arr,2025-08-14 14:03:27.224023,arr,,0,0,0,2611.4,A'				! Run type,arr,1,,608.1,43,1460.0,1600.0,1466.5567441860467,21.05454043954904,0.0,2811.4,2811.4,"[42.5, 157.3, 184.3]","[0.0, 2611.4]","[0.0, 50.0]","[-19.4, -18.0621, -16.7241, -15.3862, -14.0483, -12.7103, -11.3724, -10.0345, -8.69655, -7.35862, 19.4]",0.438,200657.0,0.196086362,286.5,22.69334805380412,8.361421385013973,7.04382441e-10,201.0,0.0012166271837501367,0.4570800883678553,573.0,97025.4783232202,,,,,,,,,,,,,,,,,
B064_ray,2025-08-14 14:03:27.491556,ray,,0,0,0,2611.4,A' 0.0,ray,1,,608.1,43,1460.0,1600.0,1466.5567441860467,21.05454043954904,0.0,2811.4,2811.4,[127.7],"[0.0, 2611.4]","[0.0, 50.0]","[-16.9, -15.8758, -14.8515, -13.8273, -12.803, -11.7788, -10.7545, -9.7303, -8.70606, -7.68182, 16.9]",0.0312,,,,,,,,,,,,1.0,18160.0,50242.363414491156,2611.40070699186,3392854.0088901203,233.8962966141659,101.0,0.0,,,,,,,,,
B064_shd,2025-08-14 14:03:27.694887,shd,,0,0,0,2611.4,C'				! Run type,shd,1,,608.1,43,1460.0,1600.0,1466.5567441860467,21.05454043954904,0.0,2811.4,2811.4,[143.6],"[0.0, 2611.4]","[0.0, 50.0]","[-87.4, -87.3752, -87.3505, -87.3257, -87.301, -87.2762, -87.2514, -87.2267, -87.2019, -87.1772, 85.1]",0.906,,,,,,,,,,,,,,,,,,,,0.0,0.0,0.0,,,,,,
B065_arr,2025-08-14 14:03:28.014592,arr,,0,0,0,1051.5,A'				! Run type,arr,1,,1166.0,26,1473.5,1600.0,1490.5734615384617,22.904940673324628,0.0,1251.5,1251.5,[154.3],"[0.0, 1051.5]","[0.0, 50.0]","[-22.4, -21.0, -19.6, -18.2, -16.8, -15.4, -14.0, -12.6, -11.2, -9.8, 22.4]",0.188,110610.0,0.179182664,266.0,20.371824624778416,8.568350321004653,3.55680796e-09,201.0,0.002128189698480213,0.6119718385464455,532.0,209277.42350280515,,,,,,,,,,,,,,,,,
B065_ray,2025-08-14 14:03:28.162100,ray,,0,0,0,1051.5,A' 0.0,ray,1,,1166.0,26,1473.5,1600.0,1490.5734615384617,22.904940673324628,0.0,1251.5,1251.5,[144.3],"[0.0, 1051.5]","[0.0, 50.0]","[-15.9, -15.0167, -14.1333, -13.25, -12.3667, -11.4833, -10.6, -9.71667, -8.83333, -7.95, 15.9]",0.0625,,,,,,,,,,,,1.0,38832.0,50103.4820616927,1051.500310463091,3697160.816693195,331.8613707873332,110.0,0.0,,,,,,,,,
B065_shd,2025-08-14 14:03:28.600563,shd,,0,0,0,1051.5,C'				! Run type,shd,1,,1166.0,26,1473.5,1600.0,1490.5734615384617,22.904940673324628,0.0,1251.5,1251.5,[111.3],"[0.0, 1051.5]","[0.0, 50.0]","[-83.5, -83.4852, -83.4705, -83.4557, -83.4409, -83.4261, -83.4114, -83.3966, -83.3818, -83.367, 84.9]",1.3,,,,,,,,,,,,,,,,,,,,0.0,0.0,0.0,,,,,,
B066_arr,2025-08-14 14:03:28.917877,arr,,0,0,0,1412.9,A'				! Run type,arr,1,,847.8,31,1483.99,1600.0,1498.5412903225806,19.50557881188561,0.0,1612.9,1612.9,"[41.4, 118.9]","[0.0, 1412.9]","[0.0, 50.0]","[-17.4, -16.2774, -15.1548, -14.0323, -12.9097, -11.7871, -10.6645, -9.54194, -8.41935, -7.29677, 17.4]",0.406,175776.0,0.141727328,213.0,17.755267736931216,7.106878889581755,3.98447897e-09,201.0,0.0014322472913062074,0.4918126318794145,426.0,50194.31957122303,,,,,,,,,,,,,,,,,
B066_ray,2025-08-14 14:03:29.148738,ray,,0,0,0,1412.9,A' 0.0,ray,1,,847.8,31,1483.99,1600.0,1498.5412903225806,19.50557881188561,0.0,1612.9,1612.9,"[159.6, 259.4]","[0.0, 1412.9]","[0.0, 50.0]","[-15.6, -14.56, -13.52, -12.48, -11.44, -10.4, -9.36, -8.32, -7.28, -6.24, 15.6]",0.0938,,,,,,,,,,,,1.0,56322.0,50133.884986644094,1412.9003816178806,6225412.317673076,543.4295772079671,185.0,0.0,,,,,,,,,
B066_shd,2025-08-14 14:03:29.782134,shd,,0,0,0,1412.9,C'				! Run type,shd,1,,847.8,31,1483.99,1600.0,1498.5412903225806,19.50557881188561,0.0,1612.9,1612.9,[113.4],"[0.0, 1412.9]","[0.0, 50.0]","[-84.0, -83.9838, -83.9676, -83.9514, -83.9352, -83.919, -83.9028, -83.8866, -83.8704, -83.8542, 75.3]",1.09,,,,,,,,,,,,,,,,,,,,0.0,0.0,0.0,,,,,,
B067_arr,2025-08-14 14:03:30.103066,arr,,0,0,0,4751.0,A'				! Run type,arr,1,,865.4,52,1477.32,1600.0,1491.7076923076927,16.695924838505285,0.0,4951.0,4951.0,[71.0],"[0.0, 4751.0]","[0.0, 50.0]","[-18.2, -16.6833, -15.1667, -13.65, -12.1333, -10.6167, -9.1, -7.58333, -6.06667, -4.55, 18.2]",0.0625,33948.0,0.161863402,231.0,20.28252652514251,7.705786885485463,5.15201837e-09,201.0,0.00694410853108861,1.1063854194999054,462.0,17230.408542004294,,,,,,,,,,,,,,,,,
B067_ray,2025-08-14 14:03:30.150154,ray,,0,0,0,4751.0,A' 0.0,ray,1,,865.4,52,1477.32,1600.0,1491.7076923076927,16.695924838505285,0.0,4951.0,4951.0,[172.0],"[0.0, 4751.0]","[0.0, 50.0]","[-24.4, -21.8316, -19.2632, -16.6947, -14.1263, -11.5579, -8.98947, -6.42105, -3.85263, -1.28421, 24.4]",0.0,,,,,,,,,,,,1.0,9081.0,50396.81548913768,4751.001921774801,2000659.6825321794,138.90237244421112,59.0,0.0,,,,,,,,,
B067_shd,2025-08-14 14:03:30.253805,shd,,0,0,0,4751.0,C'				! Run type,shd,1,,865.4,52,1477.32,1600.0,1491.7076923076927,16.695924838505285,0.0,4951.0,4951.0,[81.9],"[0.0, 4751.0]","[0.0, 50.0]","[-76.6, -76.58, -76.5599, -76.5399, -76.5198, -76.4998, -76.4797, -76.4597, -76.4396, -76.4196, 80.9]",1.09,,,,,,,,,,,,,,,,,,,,0.0,0.0,0.0,,,,,,
B068_arr,2025-08-14 14:03:30.589200,arr,,0,0,0,576.7,A'				! Run type,arr,1,,2333.0,26,1493.73,1600.0,1505.982692307692,19.360409356307187,0.0,776.7,776.7,"[44.9, 251.6]","[0.0, 576.7]","[0.0, 50.0]","[-10.6, -9.59048, -8.58095, -7.57143, -6.5619, -5.55238, -4.54286, -3.53333, -2.52381, -1.51429, 10.6]",0.5,239575.0,0.174729109,262.999969,19.835350628821082,8.297019926943221,2.13474305e-09,201.0,0.0010374112752068235,0.419943907688889,525.999939,254453.64153004563,,,,,,,,,,,,,,,,,
B068_ray,2025-08-14 14:03:30.917812,ray,,0,0,0,576.7,A' 0.0,ray,1,,2333.0,26,1493.73,1600.0,1505.982692307692,19.360409356307187,0.0,776.7,776.7,"[211.4, 220.5]","[0.0, 576.7]","[0.0, 50.0]","[-15.9, -14.8034, -13.7069, -12.6103, -11.5138, -10.4172, -9.32069, -8.22414, -7.12759, -6.03103, 15.9]",0.141,,,,,,,,,,,,1.0,105322.0,50054.68126753143,576.7001694935262,6005890.05340344,553.042130048319,164.0,0.0,,,,,,,,,
B068_shd,2025-08-14 14:03:32.099226,shd,,0,0,0,576.7,C'				! Run type,shd,1,,2333.0,26,1493.73,1600.0,1505.982692307692,19.360409356307187,0.0,776.7,776.7,[191.6],"[0.0, 576.7]","[0.0, 50.0]","[-89.0, -88.9915, -88.983, -88.9745, -88.966, -88.9575, -88.949, -88.9405, -88.932, -88.9235, 87.0]",2.64,,,,,,,,,,,,,,,,,,,,0.0,0.0,0.0,,,,,,
B069_arr,2025-08-14 14:03:32.420163,arr,,0,0,0,3136.3,A'				! Run type,arr,1,,1798.0,42,1480.81,1600.0,1497.2909523809524,17.71109146827864,0.0,3336.3,3336.3,[124.9],"[0.0, 3136.3]","[0.0, 50.0]","[-14.1, -12.6158, -11.1316, -9.64737, -8.16316, -6.67895, -5.19474, -3.71053, -2.22632, -0.742105, 14.1]",0.0781,34820.0,0.13759771,205.499985,16.9632094937637,7.176318481702407,1.65301095e-09,201.0,0.007008489628359206,1.1004057757593446,410.999969,22876.081727395103,,,,,,,,,,,,,,,,,
B069_ray,2025-08-14 14:03:32.468006,ray,,0,0,0,3136.3,A' 0.0,ray,1,,1798.0,42,1480.81,1600.0,1497.2909523809524,17.71109146827864,0.0,3336.3,3336.3,[190.4],"[0.0, 3136.3]","[0.0, 50.0]","[-20.2, -18.2762, -16.3524, -14.4286, -12.5048, -10.581, -8.65714, -6.73333, -4.80952, -2.88571, 20.2]",0.0312,,,,,,,,,,,,1.0,12959.0,50299.38044673021,3136.3011320113137,2196815.2034235667,157.4754930442111,65.0,0.0,,,,,,,,,
B069_shd,2025-08-14 14:03:32.613228,shd,,0,0,0,3136.3,C'				! Run type,shd,1,,1798.0,42,1480.81,1600.0,1497.2909523809524,17.71109146827864,0.0,3336.3,3336.3,[103.3],"[0.0, 3136.3]","[0.0, 50.0]","[-89.0, -88.9918, -88.9836, -88.9754, -88.9673, -88.9591, -88.9509, -88.9427, -88.9345, -88.9263, 70.6]",2.45,,,,,,,,,,,,,,,,,,,,0.0,0.0,0.0,,,,,,
B070_arr,2025-08-14 14:03:32.931301,arr,,0,0,0,2599.3,A'				! Run type,arr,1,,821.7,37,1460.0,1600.0,1466.725945945946,22.65552500593124,0.0,2799.3,2799.3,"[193.0, 282.2, 287.8]","[0.0, 2599.3]","[0.0, 50.0]","[-13.1, -12.052, -11.004, -9.956, -8.908, -7.86, -6.812, -5.764, -4.716, -3.668, 13.1]",0.391,172459.0,0.170511171,249.0,23.029536144924315,7.8712574659838,3.49850149e-11,201.0,0.0013988453455645125,0.49213873982177503,498.0,24480.81534556434,,,,,,,,,,,,,,,,,
B070_ray,2025-08-14 14:03:33.165524,ray,,0,0,0,2599.3,A' 0.0,ray,1,,821.7,37,1460.0,1600.0,1466.725945945946,22.65552500593124,0.0,2799.3,2799.3,[67.3],"[0.0, 2599.3]","[0.0, 50.0]","[-11.6, -10.7714, -9.94286, -9.11429, -8.28571, -7.45714, -6.62857, -5.8, -4.97143, -4.14286, 11.6]",0.0156,,,,,,,,,,,,1.0,9718.0,50240.26589650738,2599.300403360196,2867691.0260442263,189.04351731037679,86.0,0.0,,,,,,,,,
B070_shd,2025-08-14 14:03:33.274154,shd,,0,0,0,2599.3,C'				! Run type,shd,1,,821.7,37,1460.0,1600.0,1466.725945945946,22.65552500593124,0.0,2799.3,2799.3,[84.5],"[0.0, 2599.3]","[0.0, 50.0]","[-79.7, -79.6788, -79.6577, -79.6365, -79.6153, -79.5941, -79.573, -79.5518, -79.5306, -79.5095, 75.1]",0.812,,,,,,,,,,,,,,,,,,,,0.0,0.0,0.0,,,,,,
B071_arr,2025-08-14 14:03:33.594883,arr,,0,0,0,994.2,A'				! Run type,arr,1,,1564.0,34,1476.33,1600.0,1490.7444117647058,20.481753456527574,0.0,1194.2,1194.2,"[149.2, 162.5, 246.4]","[0.0, 994.2]","[0.0, 50.0]","[-22.7, -20.5381, -18.3762, -16.2143, -14.0524, -11.8905, -9.72857, -7.56667, -5.40476, -3.24286, 22.7]",0.656,355039.0,0.147822767,221.0,17.94922940593204,7.733554836767454,2.17605708e-11,201.0,0.0007131598923507561,0.34461731699714393,442.0,194037.95033571555,,,,,,,,,,,,,,,,,
B071_ray,2025-08-14 14:03:34.072141,ray,,0,0,0,994.2,A' 0.0,ray,1,,1564.0,34,1476.33,1600.0,1490.7444117647058,20.481753456527574,0.0,1194.2,1194.2,"[159.2, 234.9]","[0.0, 994.2]","[0.0, 50.0]","[-10.7, -10.1216, -9.54324, -8.96486, -8.38649, -7.80811, -7.22973, -6.65135, -6.07297, -5.49459, 10.7]",0.0938,,,,,,,,,,,,1.0,81964.0,50095.928889228584,994.2002330234001,7602774.908953791,672.7213320914204,227.0,0.0,,,,,,,,,
B071_shd,2025-08-14 14:03:34.982275,shd,,0,0,0,994.2,C'				! Run type,shd,1,,1564.0,34,1476.33,1600.0,1490.7444117647058,20.481753456527574,0.0,1194.2,1194.2,[86.7],"[0.0, 994.2]","[0.0, 50.0]","[-76.4, -76.3913, -76.3826, -76.3739, -76.3652, -76.3564, -76.3477, -76.339, -76.3303, -76.3216, 72.4]",2.44,,,,,,,,,,,,,,,,,,,,0.0,0.0,0.0,,,,,,
B072_arr,2025-08-14 14:03:35.297238,arr,,0,0,0,1525.0,A'				! Run type,arr,1,,868.3,40,1488.92,1600.0,1503.611,17.037786652027307,0.0,1725.0,1725.0,"[151.0, 201.9]","[0.0, 1525.0]","[0.0, 50.0]","[-13.3, -12.54, -11.78, -11.02, -10.26, -9.5, -8.74, -7.98, -7.22, -6.46, 13.3]",0.141,74449.0,0.193962499,292.5,19.10789205337534,8.920224286588995,2.57595567e-09,201.0,0.003269582868146914,0.751097415428329,585.0,75459.74845447311,,,,,,,,,,,,,,,,,
B072_ray,2025-08-14 14:03:35.397906,ray,,0,0,0,1525.0,A' 0.0,ray,1,,868.3,40,1488.92,1600.0,1503.611,17.037786652027307,0.0,1725.0,1725.0,"[152.7, 189.1]","[0.0, 1525.0]","[0.0, 50.0]","[-21.2, -19.181, -17.1619, -15.1429, -13.1238, -11.1048, -9.08571, -7.06667, -5.04762, -3.02857, 21.2]",0.0625,,,,,,,,,,,,1.0,50151.0,50140.53103908649,1525.0005440000232,4436854.199718182,356.7487662607373,131.0,0.0,,,,,,,,,
B072_shd,2025-08-14 14:03:35.951713,shd,,0,0,0,1525.0,C'				! Run type,shd,1,,868.3,40,1488.92,1600.0,1503.611,17.037786652027307,0.0,1725.0,1725.0,[169.1],"[0.0, 1525.0]","[0.0, 50.0]","[-72.5, -72.4837, -72.4674, -72.4511, -72.4349, -72.4186, -72.4023, -72.386, -72.3697, -72.3534, 87.0]",1.36,,,,,,,,,,,,,,,,,,,,0.0,0.0,0.0,,,,,,
B073_arr,2025-08-14 14:03:36.267640,arr,,0,0,0,5311.9,A'				! Run type,arr,1,,1111.0,55,1478.3,1600.0,1491.8830909090907,16.358895147481118,0.0,5511.9,5511.9,"[138.7, 142.2]","[0.0, 5311.9]","[0.0, 50.0]","[-10.5, -9.58696, -8.67391, -7.76087, -6.84783, -5.93478, -5.02174, -4.1087, -3.19565, -2.28261, 10.5]",0.0625,34380.0,0.187984809,278.999969,21.24196949970288,8.328154491999424,1.7655459e-10,201.0,0.006856587955700619,1.0994126064809007,557.999939,11282.641361049062,,,,,,,,,,,,,,,,,
B073_ray,2025-08-14 14:03:36.317486,ray,,0,0,0,5311.9,A' 0.0,ray,1,,1111.0,55,1478.3,1600.0,1491.8830909090907,16.358895147481118,0.0,5511.9,5511.9,"[58.5, 220.8]","[0.0, 5311.9]","[0.0, 50.0]","[-17.5, -16.1538, -14.8077, -13.4615, -12.1154, -10.7692, -9.42308, -8.07692, -6.73077, -5.38462, 17.5]",0.0156,,,,,,,,,,,,1.0,21281.0,50486.200445812196,5311.901579551268,5454297.833347562,377.83801902579324,161.0,0.0,,,,,,,,,
B073_shd,2025-08-14 14:03:36.550721,shd,,0,0,0,5311.9,C'				! Run type,shd,1,,1111.0,55,1478.3,1600.0,1491.8830909090907,16.358895147481118,0.0,5511.9,5511.9,[106.4],"[0.0, 5311.9]","[0.0, 50.0]","[-82.7, -82.6865, -82.6731, -82.6596, -82.6462, -82.6327, -82.6192, -82.6058, -82.5923, -82.5789, 71.0]",1.58,,,,,,,,,,,,,,,,,,,,0.0,0.0,0.0,,,,,,
B074_arr,2025-08-14 14:03:36.866633,arr,,0,0,0,531.9,A'				! Run type,arr,1,,2186.0,34,1487.0,1600.0,1499.1635294117646,18.08649169023389,0.0,731.9,731.9,[152.6],"[0.0, 531.9]","[0.0, 50.0]","[-15.4, -14.0, -12.6, -11.2, -9.8, -8.4, -7.0, -5.6, -4.2, -2.8, 15.4]",0.141,82855.0,0.136929736,205.0,16.071918906120946,7.2976886893849535,2.07583661e-09,201.0,0.002866264188920781,0.7082053089248936,410.0,461075.3378170547,,,,,,,,,,,,,,,,,
B074_ray,2025-08-14 14:03:36.976320,ray,,0,0,0,531.9,A' 0.0,ray,1,,2186.0,34,1487.0,1600.0,1499.1635294117646,18.08649169023389,0.0,731.9,731.9,"[57.9, 298.9]","[0.0, 531.9]","[0.0, 50.0]","[-12.7, -12.0316, -11.3632, -10.6947, -10.0263, -9.35789, -8.68947, -8.02105, -7.35263, -6.68421, 12.7]",0.219,,,,,,,,,,,,1.0,153317.0,50051.428457834765,531.900148536992,7800742.93575335,867.4002624663697,195.0,0.0,,,,,,,,,
B074_shd,2025-08-14 14:03:38.671386,shd,,0,0,0,531.9,C'				! Run type,shd,1,,2186.0,34,1487.0,1600.0,1499.1635294117646,18.08649169023389,0.0,731.9,731.9,[172.3],"[0.0, 531.9]","[0.0, 50.0]","[-88.7, -88.6901, -88.6801, -88.6702, -88.6603, -88.6503, -88.6404, -88.6305, -88.6205, -88.6106, 86.3]",3.25,,,,,,,,,,,,,,,,,,,,0.0,0.0,0.0,,,,,,
B075_arr,2025-08-14 14:03:38.986039,arr,,0,0,0,3089.2,A'				! Run type,arr,1,,1497.0,41,1484.79,1600.0,1499.6763414634147,17.836890076207784,0.0,3289.2,3289.2,"[109.3, 156.6]","[0.0, 3089.2]","[0.0, 50.0]","[-14.2, -13.3886, -12.5771, -11.7657, -10.9543, -10.1429, -9.33143, -8.52, -7.70857, -6.89714, 14.2]",0.156,68026.0,0.173244745,262.0,21.41386526154548,8.491200023937294,2.19314886e-10,201.0,0.0035380792059443783,0.7842958202221431,524.0,72900.65540983614,,,,,,,,,,,,,,,,,
B075_ray,2025-08-14 14:03:39.079784,ray,,0,0,0,3089.2,A' 0.0,ray,1,,1497.0,41,1484.79,1600.0,1499.6763414634147,17.836890076207784,0.0,3289.2,3289.2,"[120.0, 162.7, 293.4]","[0.0, 3089.2]","[0.0, 50.0]","[-18.9, -17.82, -16.74, -15.66, -14.58, -13.5, -12.42, -11.34, -10.26, -9.18, 18.9]",0.0938,,,,,,,,,,,,1.0,64454.0,50302.60256433189,3089.2010978331937,10956526.279924,814.2620329545622,323.0,0.0,,,,,,,,,
B075_shd,2025-08-14 14:03:39.804651,shd,,0,0,0,3089.2,C'				! Run type,shd,1,,1497.0,41,1484.79,1600.0,1499.6763414634147,17.836890076207784,0.0,3289.2,3289.2,[138.5],"[0.0, 3089.2]","[0.0, 50.0]","[-81.0, -80.9905, -80.981, -80.9715, -80.962, -80.9525, -80.9431, -80.9336, -80.9241, -80.9146, 87.2]",2.09,,,,,,,,,,,,,,,,,,,,0.0,0.0,0.0,,,,,,
B076_arr,2025-08-14 14:03:40.121596,arr,,0,0,0,2610.2,A'				! Run type,arr,1,,982.7,44,1460.0,1600.0,1466.1820454545455,20.763845936840386,0.0,2810.2,2810.2,[153.6],"[0.0, 2610.2]","[0.0, 50.0]","[-21.8, -20.056, -18.312, -16.568, -14.824, -13.08, -11.336, -9.592, -7.848, -6.104, 21.8]",0.156,58963.0,0.140272766,202.0,18.661222299881025,6.767743826950345,4.97150099e-10,201.0,0.003942841223904548,0.8369233385833013,404.0,31377.806482716915,,,,,,,,,,,,,,,,,
B076_ray,2025-08-14 14:03:40.199331,ray,,0,0,0,2610.2,A' 0.0,ray,1,,982.7,44,1460.0,1600.0,1466.1820454545455,20.763845936840386,0.0,2810.2,2810.2,[122.5],"[0.0, 2610.2]","[0.0, 50.0]","[-14.0, -13.1765, -12.3529, -11.5294, -10.7059, -9.88235, -9.05882, -8.23529, -7.41176, -6.58824, 14.0]",0.0156,,,,,,,,,,,,1.0,14569.0,50251.12432884536,2610.2005405250397,3476182.321397606,230.86937012226304,104.0,0.0,,,,,,,,,
B076_shd,2025-08-14 14:03:40.361020,shd,,0,0,0,2610.2,C'				! Run type,shd,1,,982.7,44,1460.0,1600.0,1466.1820454545455,20.763845936840386,0.0,2810.2,2810.2,[129.5],"[0.0, 2610.2]","[0.0, 50.0]","[-82.2, -82.1843, -82.1685, -82.1528, -82.137, -82.1213, -82.1055, -82.0898, -82.074, -82.0583, 82.4]",1.34,,,,,,,,,,,,,,,,,,,,0.0,0.0,0.0,,,,,,
B077_arr,2025-08-14 14:03:40.674974,arr,,0,0,0,918.2,A'				! Run type,arr,1,,1581.0,26,1476.44,1600.0,1491.9715384615386,22.729286206990526,0.0,1118.2,1118.2,"[176.6, 229.9, 275.0]","[0.0, 918.2]","[0.0, 50.0]","[-17.9, -16.5741, -15.2481, -13.9222, -12.5963, -11.2704, -9.94444, -8.61852, -7.29259, -5.96667, 17.9]",0.578,263857.0,0.186900288,280.0,21.387993052956734,8.524297982526111,3.40010908e-09,201.0,0.0009042040150005568,0.395927187861391,560.0,204262.79952306623,,,,,,,,,,,,,,,,,
B077_ray,2025-08-14 14:03:41.025801,ray,,0,0,0,918.2,A' 0.0,ray,1,,1581.0,26,1476.44,1600.0,1491.9715384615386,22.729286206990526,0.0,1118.2,1118.2,"[140.2, 215.6]","[0.0, 918.2]","[0.0, 50.0]","[-13.7, -12.6462, -11.5923, -10.5385, -9.48462, -8.43077, -7.37692, -6.32308, -5.26923, -4.21538, 13.7]",0.0938,,,,,,,,,,,,1.0,59326.0,50089.359611596534,918.200240371959,5401967.781314081,400.9984003902631,161.0,0.0,,,,,,,,,
B077_shd,2025-08-14 14:03:41.680820,shd,,0,0,0,918.2,C'				! Run type,shd,1,,1581.0,26,1476.44,1600.0,1491.9715384615386,22.729286206990526,0.0,1118.2,1118.2,[192.6],"[0.0, 918.2]","[0.0, 50.0]","[-70.8, -70.7922, -70.7845, -70.7767, -70.769, -70.7612, -70.7534, -70.7457, -70.7379, -70.7302, 72.0]",2.17,,,,,,,,,,,,,,,,,,,,0.0,0.0,0.0,,,,,,
B078_arr,2025-08-14 14:03:41.996414,arr,,0,0,0,1507.2,A'				! Run type,arr,1,,809.0,32,1486.12,1600.0,1500.9187499999998,18.99142763031521,0.0,1707.2,1707.2,[170.9],"[0.0, 1507.2]","[0.0, 50.0]","[-14.3, -13.1083, -11.9167, -10.725, -9.53333, -8.34167, -7.15, -5.95833, -4.76667, -3.575, 14.3]",0.188,75698.0,0.148841754,223.5,18.92461909991991,7.401952507115346,9.02122821e-10,201.0,0.0031953397479336666,0.7441745125861802,447.0,51956.87685173507,,,,,,,,,,,,,,,,,
B078_ray,2025-08-14 14:03:42.098077,ray,,0,0,0,1507.2,A' 0.0,ray,1,,809.0,32,1486.12,1600.0,1500.9187499999998,18.99142763031521,0.0,1707.2,1707.2,[97.0],"[0.0, 1507.2]","[0.0, 50.0]","[-21.3, -20.0471, -18.7941, -17.5412, -16.2882, -15.0353, -13.7824, -12.5294, -11.2765, -10.0235, 21.3]",0.0469,,,,,,,,,,,,1.0,33427.0,50142.283991050426,1507.2005805467368,3514363.261157942,280.14221850043737,92.0,0.0,,,,,,,,,
B078_shd,2025-08-14 14:03:42.464740,shd,,0,0,0,1507.2,C'				! Run type,shd,1,,809.0,32,1486.12,1600.0,1500.9187499999998,18.99142763031521,0.0,1707.2,1707.2,[161.5],"[0.0, 1507.2]","[0.0, 50.0]","[-85.0, -84.9807, -84.9614, -84.942, -84.9227, -84.9034, -84.8841, -84.8647, -84.8454, -84.8261, 79.1]",0.953,,,,,,,,,,,,,,,,,,,,0.0,0.0,0.0,,,,,,
B079_arr,2025-08-14 14:03:42.781105,arr,,0,0,0,4891.1,A'				! Run type,arr,1,,954.3,54,1477.08,1600.0,1491.6646296296296,16.424751952911723,0.0,5091.1,5091.1,"[174.2, 257.3]","[0.0, 4891.1]","[0.0, 50.0]","[-18.8, -17.6941, -16.5882, -15.4824, -14.3765, -13.2706, -12.1647, -11.0588, -9.95294, -8.84706, 18.8]",0.125,60252.0,0.198899627,297.000031,22.562145476519333,8.547733668710812,3.6086284e-10,201.0,0.003938477847130747,0.8311735822295037,594.000061,16120.929117900456,,,,,,,,,,,,,,,,,
B079_ray,2025-08-14 14:03:42.863830,ray,,0,0,0,4891.1,A' 0.0,ray,1,,954.3,54,1477.08,1600.0,1491.6646296296296,16.424751952911723,0.0,5091.1,5091.1,[94.8],"[0.0, 4891.1]","[0.0, 50.0]","[-18.4, -17.3486, -16.2971, -15.2457, -14.1943, -13.1429, -12.0914, -11.04, -9.98857, -8.93714, 18.4]",0.0156,,,,,,,,,,,,1.0,13057.0,50447.6047124024,4891.101492439956,3605912.6437880653,255.15620752851257,107.0,0.0,,,,,,,,,
B079_shd,2025-08-14 14:03:43.010340,shd,,0,0,0,4891.1,C'				! Run type,shd,1,,954.3,54,1477.08,1600.0,1491.6646296296296,16.424751952911723,0.0,5091.1,5091.1,[124.5],"[0.0, 4891.1]","[0.0, 50.0]","[-87.1, -87.0817, -87.0634, -87.045, -87.0267, -87.0084, -86.9901, -86.9718, -86.9534, -86.9351, 88.4]",1.42,,,,,,,,,,,,,,,,,,,,0.0,0.0,0.0,,,,,,
B080_arr,2025-08-14 14:03:43.326288,arr,,0,0,0,556.8,A'				! Run type,arr,1,,1941.0,30,1489.51,1600.0,1500.5099999999998,18.99357189507369,0.0,756.8,756.8,"[76.3, 194.6, 210.3]","[0.0, 556.8]","[0.0, 50.0]","[-19.7, -18.4688, -17.2375, -16.0063, -14.775, -13.5437, -12.3125, -11.0812, -9.85, -8.61875, 19.7]",1.06,524920.0,0.144243941,216.5,17.194634867266213,7.369269945094144,2.33454422e-10,201.0,0.0005003039827562499,0.284599468128092,433.0,372418.6128139323,,,,,,,,,,,,,,,,,
B080_ray,2025-08-14 14:03:44.044129,ray,,0,0,0,556.8,A' 0.0,ray,1,,1941.0,30,1489.51,1600.0,1500.5099999999998,18.99357189507369,0.0,756.8,756.8,[95.5],"[0.0, 556.8]","[0.0, 50.0]","[-23.0, -21.5625, -20.125, -18.6875, -17.25, -15.8125, -14.375, -12.9375, -11.5, -10.0625, 23.0]",0.109,,,,,,,,,,,,1.0,70853.0,50050.72091460262,556.8002291199335,3201117.047861539,288.256300851809,63.0,0.0,,,,,,,,,
B080_shd,2025-08-14 14:03:44.832046,shd,,0,0,0,556.8,C'				! Run type,shd,1,,1941.0,30,1489.51,1600.0,1500.5099999999998,18.99357189507369,0.0,756.8,756.8,[181.3],"[0.0, 556.8]","[0.0, 50.0]","[-89.5, -89.4904, -89.4807, -89.4711, -89.4614, -89.4518, -89.4421, -89.4325, -89.4228, -89.4132, 81.2]",2.86,,,,,,,,,,,,,,,,,,,,0.0,0.0,0.0,,,,,,
B081_arr,2025-08-14 14:03:45.147927,arr,,0,0,0,2846.6,A'				! Run type,arr,1,,1329.0,36,1477.32,1600.0,1496.3980555555556,19.782023660587022,0.0,3046.6,3046.6,"[142.6, 144.7]","[0.0, 2846.6]","[0.0, 50.0]","[-20.0, -18.8889, -17.7778, -16.6667, -15.5556, -14.4444, -13.3333, -12.2222, -11.1111, -10.0, 20.0]",0.25,111590.0,0.14135921,210.499985,18.28454981738343,7.303735831856747,1.15163233e-10,201.0,0.0022056765652119733,0.6146963289544878,420.999969,28880.82909654716,,,,,,,,,,,,,,,,,
B081_ray,2025-08-14 14:03:45.295444,ray,,0,0,0,2846.6,A' 0.0,ray,1,,1329.0,36,1477.32,1600.0,1496.3980555555556,19.782023660587022,0.0,3046.6,3046.6,"[109.8, 186.9, 222.0]","[0.0, 2846.6]","[0.0, 50.0]","[-24.2, -22.8556, -21.5111, -20.1667, -18.8222, -17.4778, -16.1333, -14.7889, -13.4444, -12.1, 24.2]",0.0938,,,,,,,,,,,,1.0,69338.0,50261.96430971442,2846.6012314904583,11334234.311692897,835.4678412794333,332.0,0.0,,,,,,,,,
B081_shd,2025-08-14 14:03:46.067647,shd,,0,0,0,2846.6,C'				! Run type,shd,1,,1329.0,36,1477.32,1600.0,1496.3980555555556,19.782023660587022,0.0,3046.6,3046.6,[178.6],"[0.0, 2846.6]","[0.0, 50.0]","[-84.7, -84.6862, -84.6725, -84.6587, -84.6449, -84.6311, -84.6174, -84.6036, -84.5898, -84.5761, 80.3]",1.27,,,,,,,,,,,,,,,,,,,,0.0,0.0,0.0,,,,,,
B082_arr,2025-08-14 14:03:46.386115,arr,,0,0,0,2316.5,A'				! Run type,arr,1,,642.8,43,1460.0,1600.0,1466.4346511627907,21.10217550218044,0.0,2516.5,2516.5,[190.0],"[0.0, 2316.5]","[0.0, 50.0]","[-15.0, -14.0323, -13.0645, -12.0968, -11.129, -10.1613, -9.19355, -8.22581, -7.25806, -6.29032, 15.0]",0.141,57560.0,0.158240795,231.0,20.730131302278664,7.4920890838924175,4.55116583e-10,201.0,0.004086087229210828,0.848997273458465,462.0,30468.2367564392,,,,,,,,,,,,,,,,,
B082_ray,2025-08-14 14:03:46.466847,ray,,0,0,0,2316.5,A' 0.0,ray,1,,642.8,43,1460.0,1600.0,1466.4346511627907,21.10217550218044,0.0,2516.5,2516.5,[54.5],"[0.0, 2316.5]","[0.0, 50.0]","[-21.6, -19.872, -18.144, -16.416, -14.688, -12.96, -11.232, -9.504, -7.776, -6.048, 21.6]",0.0156,,,,,,,,,,,,1.0,16430.0,50198.224172164475,2316.5008241274563,2591158.2436941676,185.28726181665462,67.0,0.0,,,,,,,,,
B082_shd,2025-08-14 14:03:46.648637,shd,,0,0,0,2316.5,C'				! Run type,shd,1,,642.8,43,1460.0,1600.0,1466.4346511627907,21.10217550218044,0.0,2516.5,2516.5,[111.2],"[0.0, 2316.5]","[0.0, 50.0]","[-87.7, -87.6743, -87.6486, -87.6229, -87.5971, -87.5714, -87.5457, -87.52, -87.4943, -87.4686, 83.5]",0.891,,,,,,,,,,,,,,,,,,,,0.0,0.0,0.0,,,,,,
B083_arr,2025-08-14 14:03:46.964831,arr,,0,0,0,915.2,A'				! Run type,arr,1,,1421.0,27,1475.88,1600.0,1494.3207407407403,21.98686003653359,0.0,1115.2,1115.2,[103.5],"[0.0, 915.2]","[0.0, 50.0]","[-24.8, -22.8923, -20.9846, -19.0769, -17.1692, -15.2615, -13.3538, -11.4462, -9.53846, -7.63077, 24.8]",0.25,155841.0,0.160499543,240.0,19.64108987330806,8.233858969205142,3.80627779e-10,201.0,0.0015895056786317796,0.5206794911452409,480.0,225415.90558922687,,,,,,,,,,,,,,,,,
B083_ray,2025-08-14 14:03:47.170021,ray,,0,0,0,915.2,A' 0.0,ray,1,,1421.0,27,1475.88,1600.0,1494.3207407407403,21.98686003653359,0.0,1115.2,1115.2,[193.6],"[0.0, 915.2]","[0.0, 50.0]","[-14.8, -13.7793, -12.7586, -11.7379, -10.7172, -9.69655, -8.67586, -7.65517, -6.63448, -5.61379, 14.8]",0.0312,,,,,,,,,,,,1.0,35551.0,50079.24669189314,915.200282237412,2983297.7999332584,248.66620433388388,89.0,0.0,,,,,,,,,
B083_shd,2025-08-14 14:03:47.565518,shd,,0,0,0,915.2,C'				! Run type,shd,1,,1421.0,27,1475.88,1600.0,1494.3207407407403,21.98686003653359,0.0,1115.2,1115.2,[131.2],"[0.0, 915.2]","[0.0, 50.0]","[-89.5, -89.4881, -89.4762, -89.4643, -89.4524, -89.4405, -89.4286, -89.4166, -89.4047, -89.3928, 71.6]",1.36,,,,,,,,,,,,,,,,,,,,0.0,0.0,0.0,,,,,,
B084_arr,2025-08-14 14:03:47.885512,arr,,0,0,0,1427.8,A'				! Run type,arr,1,,1051.0,40,1488.19,1600.0,1500.6252499999998,17.180210124951905,0.0,1627.8,1627.8,"[96.2, 248.4]","[0.0, 1427.8]","[0.0, 50.0]","[-19.2, -17.92, -16.64, -15.36, -14.08, -12.8, -11.52, -10.24, -8.96, -7.68, 19.2]",0.344,187322.0,0.14478299,218.0,19.241689468904497,7.235506752182229,9.1345681e-11,201.0,0.0013018474420863212,0.4726348572953187,436.0,88994.8508885788,,,,,,,,,,,,,,,,,
B084_ray,2025-08-14 14:03:48.129696,ray,,0,0,0,1427.8,A' 0.0,ray,1,,1051.0,40,1488.19,1600.0,1500.6252499999998,17.180210124951905,0.0,1627.8,1627.8,"[38.0, 45.3, 279.1]","[0.0, 1427.8]","[0.0, 50.0]","[-12.7, -11.8241, -10.9483, -10.0724, -9.19655, -8.32069, -7.44483, -6.56897, -5.6931, -4.81724, 12.7]",0.0938,,,,,,,,,,,,1.0,80104.0,50139.46896279868,1427.8003658304062,9026342.791686691,749.378413993652,214.0,0.0,,,,,,,,,
B084_shd,2025-08-14 14:03:49.018243,shd,,0,0,0,1427.8,C'				! Run type,shd,1,,1051.0,40,1488.19,1600.0,1500.6252499999998,17.180210124951905,0.0,1627.8,1627.8,[60.6],"[0.0, 1427.8]","[0.0, 50.0]","[-78.4, -78.3865, -78.3731, -78.3596, -78.3461, -78.3326, -78.3192, -78.3057, -78.2922, -78.2787, 84.4]",1.73,,,,,,,,,,,,,,,,,,,,0.0,0.0,0.0,,,,,,
B085_arr,2025-08-14 14:03:49.341703,arr,,0,0,0,4786.4,A'				! Run type,arr,1,,837.7,51,1478.23,1600.0,1491.7829411764706,16.58838139276505,0.0,4986.4,4986.4,"[177.3, 286.6, 294.7]","[0.0, 4786.4]","[0.0, 50.0]","[-24.3, -22.9114, -21.5229, -20.1343, -18.7457, -17.3571, -15.9686, -14.58, -13.1914, -11.8029, 24.3]",0.328,150073.0,0.16687578,249.5,23.088140348971987,8.430941974193706,1.58594482e-09,201.0,0.0015855379345637082,0.5262218074178041,499.0,18560.668755915256,,,,,,,,,,,,,,,,,
B085_ray,2025-08-14 14:03:49.541979,ray,,0,0,0,4786.4,A' 0.0,ray,1,,837.7,51,1478.23,1600.0,1491.7829411764706,16.58838139276505,0.0,4986.4,4986.4,"[89.1, 112.3, 252.1]","[0.0, 4786.4]","[0.0, 50.0]","[-13.6, -12.7226, -11.8452, -10.9677, -10.0903, -9.2129, -8.33548, -7.45806, -6.58065, -5.70323, 13.6]",0.0312,,,,,,,,,,,,1.0,32409.0,50465.24787091577,4786.401114957156,9673146.600487694,668.5750886319461,287.0,0.0,,,,,,,,,
B085_shd,2025-08-14 14:03:49.903848,shd,,0,0,0,4786.4,C'				! Run type,shd,1,,837.7,51,1478.23,1600.0,1491.7829411764706,16.58838139276505,0.0,4986.4,4986.4,[75.9],"[0.0, 4786.4]","[0.0, 50.0]","[-82.9, -82.8808, -82.8617, -82.8425, -82.8234, -82.8042, -82.7851, -82.7659, -82.7468, -82.7276, 84.6]",1.27,,,,,,,,,,,,,,,,,,,,0.0,0.0,0.0,,,,,,
B086_arr,2025-08-14 14:03:50.221824,arr,,0,0,0,406.8,A'				! Run type,arr,1,,2464.0,28,1488.1,1600.0,1499.4289285714287,19.685809852945518,0.0,606.8,606.8,"[239.0, 249.7]","[0.0, 406.8]","[0.0, 50.0]","[-17.4, -16.2, -15.0, -13.8, -12.6, -11.4, -10.2, -9.0, -7.8, -6.6, 17.4]",0.531,309781.0,0.16042769,240.0,18.18891798812043,8.443266266220464,1.25760669e-09,201.0,0.0007995559293980652,0.36786848799784105,480.0,713863.4860492422,,,,,,,,,,,,,,,,,
B086_ray,2025-08-14 14:03:50.635168,ray,,0,0,0,406.8,A' 0.0,ray,1,,2464.0,28,1488.1,1600.0,1499.4289285714287,19.685809852945518,0.0,606.8,606.8,"[74.6, 108.4, 220.7]","[0.0, 406.8]","[0.0, 50.0]","[-23.8, -21.2947, -18.7895, -16.2842, -13.7789, -11.2737, -8.76842, -6.26316, -3.75789, -1.25263, 23.8]",0.25,,,,,,,,,,,,1.0,182203.0,50037.64890163859,406.8001687951876,5549036.676619683,663.5903634213049,115.0,0.0,,,,,,,,,
B086_shd,2025-08-14 14:03:52.645785,shd,,0,0,0,406.8,C'				! Run type,shd,1,,2464.0,28,1488.1,1600.0,1499.4289285714287,19.685809852945518,0.0,606.8,606.8,[85.0],"[0.0, 406.8]","[0.0, 50.0]","[-70.1, -70.0932, -70.0865, -70.0797, -70.0729, -70.0661, -70.0594, -70.0526, -70.0458, -70.039, 89.1]",4.5,,,,,,,,,,,,,,,,,,,,0.0,0.0,0.0,,,,,,
B087_arr,2025-08-14 14:03:52.961840,arr,,0,0,0,2928.7,A'				! Run type,arr,1,,1706.0,42,1479.95,1600.0,1499.3302380952382,17.838735072614575,0.0,3128.7,3128.7,"[65.8, 170.0]","[0.0, 2928.7]","[0.0, 50.0]","[-21.7, -20.4944, -19.2889, -18.0833, -16.8778, -15.6722, -14.4667, -13.2611, -12.0556, -10.85, 21.7]",0.312,165749.0,0.165644154,250.0,22.77230518566655,8.450761584496234,3.89247939e-10,201.0,0.0014857824173397456,0.5043693776242887,500.0,73199.61940031254,,,,,,,,,,,,,,,,,
B087_ray,2025-08-14 14:03:53.181173,ray,,0,0,0,2928.7,A' 0.0,ray,1,,1706.0,42,1479.95,1600.0,1499.3302380952382,17.838735072614575,0.0,3128.7,3128.7,"[145.7, 226.2, 256.5]","[0.0, 2928.7]","[0.0, 50.0]","[-17.7, -16.52, -15.34, -14.16, -12.98, -11.8, -10.62, -9.44, -8.26, -7.08, 17.7]",0.0625,,,,,,,,,,,,1.0,53192.0,50291.741425388784,2928.7009751474975,9406104.23468851,702.2831171986307,278.0,0.0,,,,,,,,,
B087_shd,2025-08-14 14:03:53.771987,shd,,0,0,0,2928.7,C'				! Run type,shd,1,,1706.0,42,1479.95,1600.0,1499.3302380952382,17.838735072614575,0.0,3128.7,3128.7,[150.5],"[0.0, 2928.7]","[0.0, 50.0]","[-77.2, -77.1915, -77.1829, -77.1744, -77.1659, -77.1574, -77.1488, -77.1403, -77.1318, -77.1233, 88.6]",2.31,,,,,,,,,,,,,,,,,,,,0.0,0.0,0.0,,,,,,
B088_arr,2025-08-14 14:03:54.087609,arr,,0,0,0,2385.8,A'				! Run type,arr,1,,936.6,42,1460.0,1600.0,1466.7016666666666,21.24119783151271,0.0,2585.8,2585.8,[57.5],"[0.0, 2385.8]","[0.0, 50.0]","[-12.3, -11.0053, -9.71053, -8.41579, -7.12105, -5.82632, -4.53158, -3.23684, -1.94211, -0.647368, 12.3]",0.141,61147.0,0.182479396,266.0,22.780721399997383,7.911266551176355,1.86181759e-09,201.0,0.0040414942002087425,0.8329584822404617,532.0,35526.94896775527,,,,,,,,,,,,,,,,,
B088_ray,2025-08-14 14:03:54.169384,ray,,0,0,0,2385.8,A' 0.0,ray,1,,936.6,42,1460.0,1600.0,1466.7016666666666,21.24119783151271,0.0,2585.8,2585.8,[138.7],"[0.0, 2385.8]","[0.0, 50.0]","[-17.6, -16.2963, -14.9926, -13.6889, -12.3852, -11.0815, -9.77778, -8.47407, -7.17037, -5.86667, 17.6]",0.0156,,,,,,,,,,,,1.0,15287.0,50217.78432174759,2385.8006142339755,2781191.0319888834,193.70218065399794,83.0,0.0,,,,,,,,,
B088_shd,2025-08-14 14:03:54.344496,shd,,0,0,0,2385.8,C'				! Run type,shd,1,,936.6,42,1460.0,1600.0,1466.7016666666666,21.24119783151271,0.0,2585.8,2585.8,[73.2],"[0.0, 2385.8]","[0.0, 50.0]","[-82.0, -81.9829, -81.9657, -81.9486, -81.9314, -81.9143, -81.8971, -81.88, -81.8628, -81.8457, 77.3]",1.14,,,,,,,,,,,,,,,,,,,,0.0,0.0,0.0,,,,,,
B089_arr,2025-08-14 14:03:54.660379,arr,,0,0,0,1012.5,A'				! Run type,arr,1,,1336.0,31,1482.7,1600.0,1495.656451612903,20.364150750670795,0.0,1212.5,1212.5,"[30.8, 111.9]","[0.0, 1012.5]","[0.0, 50.0]","[-11.6, -10.3789, -9.15789, -7.93684, -6.71579, -5.49474, -4.27368, -3.05263, -1.83158, -0.610526, 11.6]",0.312,176155.0,0.188749343,283.500031,20.898824049375346,8.161140766425966,2.33214759e-09,201.0,0.0014113006722209968,0.49024227044405494,567.000061,97481.715510956,,,,,,,,,,,,,,,,,
B089_ray,2025-08-14 14:03:54.889671,ray,,0,0,0,1012.5,A' 0.0,ray,1,,1336.0,31,1482.7,1600.0,1495.656451612903,20.364150750670795,0.0,1212.5,1212.5,[88.0],"[0.0, 1012.5]","[0.0, 50.0]","[-15.0, -14.0323, -13.0645, -12.0968, -11.129, -10.1613, -9.19355, -8.22581, -7.25806, -6.29032, 15.0]",0.0469,,,,,,,,,,,,1.0,38800.0,50094.904619889,1012.5003008778993,3186984.8309635874,309.6734327024726,73.0,0.0,,,,,,,,,
B089_shd,2025-08-14 14:03:55.326927,shd,,0,0,0,1012.5,C'				! Run type,shd,1,,1336.0,31,1482.7,1600.0,1495.656451612903,20.364150750670795,0.0,1212.5,1212.5,[102.4],"[0.0, 1012.5]","[0.0, 50.0]","[-75.2, -75.1888, -75.1776, -75.1663, -75.1551, -75.1439, -75.1327, -75.1215, -75.1103, -75.099, 85.1]",1.91,,,,,,,,,,,,,,,,,,,,0.0,0.0,0.0,,,,,,
B090_arr,2025-08-14 14:03:55.646792,arr,,0,0,0,1582.0,A'				! Run type,arr,1,,1200.0,33,1487.96,1600.0,1501.34303030303,18.678099066999767,0.0,1782.0,1782.0,"[56.9, 181.9, 278.9]","[0.0, 1582.0]","[0.0, 50.0]","[-12.1, -10.89, -9.68, -8.47, -7.26, -6.05, -4.84, -3.63, -2.42, -1.21, 12.1]",0.469,203165.0,0.191642463,289.5,21.32639956703733,8.289681567637942,8.0598439e-10,201.0,0.0012385264387229755,0.45746225938101215,579.0,59910.52417585727,,,,,,,,,,,,,,,,,
B090_ray,2025-08-14 14:03:55.920877,ray,,0,0,0,1582.0,A' 0.0,ray,1,,1200.0,33,1487.96,1600.0,1501.34303030303,18.678099066999767,0.0,1782.0,1782.0,"[155.8, 218.9, 268.9]","[0.0, 1582.0]","[0.0, 50.0]","[-17.7, -16.0909, -14.4818, -12.8727, -11.2636, -9.65455, -8.04545, -6.43636, -4.82727, -3.21818, 17.7]",0.0781,,,,,,,,,,,,1.0,60146.0,50144.58118900154,1582.0004639489784,6948226.718282574,528.760772270997,206.0,0.0,,,,,,,,,
B090_shd,2025-08-14 14:03:56.586712,shd,,0,0,0,1582.0,C'				! Run type,shd,1,,1200.0,33,1487.96,1600.0,1501.34303030303,18.678099066999767,0.0,1782.0,1782.0,[72.2],"[0.0, 1582.0]","[0.0, 50.0]","[-76.9, -76.8856, -76.8711, -76.8567, -76.8422, -76.8278, -76.8133, -76.7989, -76.7844, -76.77, 83.6]",1.28,,,,,,,,,,,,,,,,,,,,0.0,0.0,0.0,,,,,,
B091_arr,2025-08-14 14:03:56.902936,arr,,0,0,0,5394.1,A'				! Run type,arr,1,,1101.0,55,1476.91,1600.0,1491.9618181818187,16.275521507176922,0.0,5594.1,5594.1,"[148.7, 156.7]","[0.0, 5394.1]","[0.0, 50.0]","[-16.7, -15.463, -14.2259, -12.9889, -11.7519, -10.5148, -9.27778, -8.04074, -6.8037, -5.56667, 16.7]",0.156,85781.0,0.167611644,251.500015,22.072186359243194,8.30741514775852,7.38436701e-10,201.0,0.0029239122179628018,0.7055699603839313,503.000031,13237.740571253784,,,,,,,,,,,,,,,,,
B091_ray,2025-08-14 14:03:57.018493,ray,,0,0,0,5394.1,A' 0.0,ray,1,,1101.0,55,1476.91,1600.0,1491.9618181818187,16.275521507176922,0.0,5594.1,5594.1,"[66.8, 76.1, 200.2]","[0.0, 5394.1]","[0.0, 50.0]","[-14.5, -13.6212, -12.7424, -11.8636, -10.9848, -10.1061, -9.22727, -8.34848, -7.4697, -6.59091, 14.5]",0.0469,,,,,,,,,,,,1.0,37677.0,50530.6695869711,5394.1012541568725,10316690.246800147,721.596401848149,305.0,0.0,,,,,,,,,
B091_shd,2025-08-14 14:03:57.435395,shd,,0,0,0,5394.1,C'				! Run type,shd,1,,1101.0,55,1476.91,1600.0,1491.9618181818187,16.275521507176922,0.0,5594.1,5594.1,[75.8],"[0.0, 5394.1]","[0.0, 50.0]","[-83.9, -83.8863, -83.8727, -83.859, -83.8454, -83.8317, -83.818, -83.8044, -83.7907, -83.777, 76.4]",1.67,,,,,,,,,,,,,,,,,,,,0.0,0.0,0.0,,,,,,
B092_arr,2025-08-14 14:03:57.752628,arr,,0,0,0,570.2,A'				! Run type,arr,1,,1660.0,33,1492.68,1600.0,1504.6948484848485,17.582415651114566,0.0,770.2,770.2,[64.8],"[0.0, 570.2]","[0.0, 50.0]","[-19.3, -18.1303, -16.9606, -15.7909, -14.6212, -13.4515, -12.2818, -11.1121, -9.94242, -8.77273, 19.3]",0.359,165350.0,0.162956685,245.5,19.463167737656487,8.47235330449467,2.24728361e-10,201.0,0.0015136712705822028,0.5065379723255933,491.0,547232.8899997883,,,,,,,,,,,,,,,,,
B092_ray,2025-08-14 14:03:57.970152,ray,,0,0,0,570.2,A' 0.0,ray,1,,1660.0,33,1492.68,1600.0,1504.6948484848485,17.582415651114566,0.0,770.2,770.2,[73.2],"[0.0, 570.2]","[0.0, 50.0]","[-13.8, -12.5455, -11.2909, -10.0364, -8.78182, -7.52727, -6.27273, -5.01818, -3.76364, -2.50909, 13.8]",0.0469,,,,,,,,,,,,1.0,43083.0,50054.99816474527,570.2001559929139,2271434.971117471,227.26599959981536,46.0,0.0,,,,,,,,,
B092_shd,2025-08-14 14:03:58.446352,shd,,0,0,0,570.2,C'				! Run type,shd,1,,1660.0,33,1492.68,1600.0,1504.6948484848485,17.582415651114566,0.0,770.2,770.2,[186.2],"[0.0, 570.2]","[0.0, 50.0]","[-83.8, -83.7904, -83.7808, -83.7712, -83.7615, -83.7519, -83.7423, -83.7327, -83.7231, -83.7135, 89.5]",3.0,,,,,,,,,,,,,,,,,,,,0.0,0.0,0.0,,,,,,
B093_arr,2025-08-14 14:03:58.761906,arr,,0,0,0,3182.2,A'				! Run type,arr,1,,1369.0,36,1485.29,1600.0,1499.3669444444445,19.037854223660773,0.0,3382.2,3382.2,"[162.8, 165.7, 204.9]","[0.0, 3182.2]","[0.0, 50.0]","[-12.6, -11.592, -10.584, -9.576, -8.568, -7.56, -6.552, -5.544, -4.536, -3.528, 12.6]",0.141,63517.0,0.16957882,254.000015,20.272110616492622,8.841445734581388,1.56515564e-10,201.0,0.003729978457628331,0.8088583790683793,508.000031,22856.741014125102,,,,,,,,,,,,,,,,,
B093_ray,2025-08-14 14:03:58.848668,ray,,0,0,0,3182.2,A' 0.0,ray,1,,1369.0,36,1485.29,1600.0,1499.3669444444445,19.037854223660773,0.0,3382.2,3382.2,"[182.0, 263.5]","[0.0, 3182.2]","[0.0, 50.0]","[-24.3, -22.95, -21.6, -20.25, -18.9, -17.55, -16.2, -14.85, -13.5, -12.15, 24.3]",0.0469,,,,,,,,,,,,1.0,41663.0,50276.11803372706,3182.2014365903797,7556824.181038189,536.3271335631485,221.0,0.0,,,,,,,,,
B093_shd,2025-08-14 14:03:59.315023,shd,,0,0,0,3182.2,C'				! Run type,shd,1,,1369.0,36,1485.29,1600.0,1499.3669444444445,19.037854223660773,0.0,3382.2,3382.2,[78.1],"[0.0, 3182.2]","[0.0, 50.0]","[-81.0, -80.9883, -80.9767, -80.965, -80.9534, -80.9417, -80.9301, -80.9184, -80.9068, -80.8951, 82.0]",1.61,,,,,,,,,,,,,,,,,,,,0.0,0.0,0.0,,,,,,
B094_arr,2025-08-14 14:03:59.637920,arr,,0,0,0,2672.4,A'				! Run type,arr,1,,731.0,41,1460.0,1600.0,1467.9814634146342,21.479430382711147,0.0,2872.4,2872.4,"[176.9, 220.6, 229.7]","[0.0, 2672.4]","[0.0, 50.0]","[-18.0, -16.9714, -15.9429, -14.9143, -13.8857, -12.8571, -11.8286, -10.8, -9.77143, -8.74286, 18.0]",0.5,247379.0,0.158807069,232.5,21.63756151941276,7.630400238912271,2.82869353e-11,201.0,0.0010152836142936761,0.41412679018458937,465.0,32138.06838060269,,,,,,,,,,,,,,,,,
B094_ray,2025-08-14 14:03:59.971914,ray,,0,0,0,2672.4,A' 0.0,ray,1,,731.0,41,1460.0,1600.0,1467.9814634146342,21.479430382711147,0.0,2872.4,2872.4,"[44.6, 234.9, 287.3]","[0.0, 2672.4]","[0.0, 50.0]","[-19.0, -17.4167, -15.8333, -14.25, -12.6667, -11.0833, -9.5, -7.91667, -6.33333, -4.75, 19.0]",0.0469,,,,,,,,,,,,1.0,38030.0,50255.84582332318,2672.400726006358,7551818.929871763,523.7553249512972,217.0,0.0,,,,,,,,,
B094_shd,2025-08-14 14:04:00.391830,shd,,0,0,0,2672.4,C'				! Run type,shd,1,,731.0,41,1460.0,1600.0,1467.9814634146342,21.479430382711147,0.0,2872.4,2872.4,[96.7],"[0.0, 2672.4]","[0.0, 50.0]","[-83.6, -83.5798, -83.5595, -83.5393, -83.5191, -83.4988, -83.4786, -83.4584, -83.4381, -83.4179, 83.2]",0.938,,,,,,,,,,,,,,,,,,,,0.0,0.0,0.0,,,,,,
B095_arr,2025-08-14 14:04:00.706962,arr,,0,0,0,1085.7,A'				! Run type,arr,1,,1374.0,27,1475.75,1600.0,1490.4637037037032,22.577786386943046,0.0,1285.7,1285.7,[170.2],"[0.0, 1085.7]","[0.0, 50.0]","[-16.0, -15.0303, -14.0606, -13.0909, -12.1212, -11.1515, -10.1818, -9.21212, -8.24242, -7.27273, 16.0]",0.234,135663.0,0.154362783,230.5,20.243767398181614,7.595523986782386,4.30104008e-10,201.0,0.0018201398459265104,0.5580592867052689,461.0,115302.1231690512,,,,,,,,,,,,,,,,,
B095_ray,2025-08-14 14:04:00.882377,ray,,0,0,0,1085.7,A' 0.0,ray,1,,1374.0,27,1475.75,1600.0,1490.4637037037032,22.577786386943046,0.0,1285.7,1285.7,"[86.2, 171.7, 171.8]","[0.0, 1085.7]","[0.0, 50.0]","[-18.3, -17.2543, -16.2086, -15.1629, -14.1171, -13.0714, -12.0257, -10.98, -9.93429, -8.88857, 18.3]",0.141,,,,,,,,,,,,1.0,118186.0,50105.85628812344,1085.7003563010617,10896166.321651766,903.740372882838,299.0,0.0,,,,,,,,,
B095_shd,2025-08-14 14:04:02.186670,shd,,0,0,0,1085.7,C'				! Run type,shd,1,,1374.0,27,1475.75,1600.0,1490.4637037037032,22.577786386943046,0.0,1285.7,1285.7,[135.8],"[0.0, 1085.7]","[0.0, 50.0]","[-72.1, -72.0898, -72.0795, -72.0693, -72.0591, -72.0488, -72.0386, -72.0283, -72.0181, -72.0079, 79.5]",1.73,,,,,,,,,,,,,,,,,,,,0.0,0.0,0.0,,,,,,
B096_arr,2025-08-14 14:04:02.501334,arr,,0,0,0,1482.7,A'				! Run type,arr,1,,1367.0,37,1488.38,1600.0,1501.6118918918921,17.925695257780074,0.0,1682.7,1682.7,[81.5],"[0.0, 1482.7]","[0.0, 50.0]","[-21.6, -19.6364, -17.6727, -15.7091, -13.7455, -11.7818, -9.81818, -7.85455, -5.89091, -3.92727, 21.6]",0.125,65497.0,0.16909048,255.499985,20.594686179802295,8.856864293180426,1.06346287e-09,201.0,0.0035513279807587936,0.794081790742374,510.999969,106639.9385155099,,,,,,,,,,,,,,,,,
B096_ray,2025-08-14 14:04:02.589094,ray,,0,0,0,1482.7,A' 0.0,ray,1,,1367.0,37,1488.38,1600.0,1501.6118918918921,17.925695257780074,0.0,1682.7,1682.7,[148.5],"[0.0, 1482.7]","[0.0, 50.0]","[-10.3, -9.50769, -8.71538, -7.92308, -7.13077, -6.33846, -5.54615, -4.75385, -3.96154, -3.16923, 10.3]",0.0312,,,,,,,,,,,,1.0,23343.0,50145.06819765633,1482.7002860009682,2674643.3716581645,216.3765909755376,80.0,0.0,,,,,,,,,
B096_shd,2025-08-14 14:04:02.854644,shd,,0,0,0,1482.7,C'				! Run type,shd,1,,1367.0,37,1488.38,1600.0,1501.6118918918921,17.925695257780074,0.0,1682.7,1682.7,[73.1],"[0.0, 1482.7]","[0.0, 50.0]","[-77.1, -77.0899, -77.0798, -77.0696, -77.0595, -77.0494, -77.0393, -77.0292, -77.019, -77.0089, 73.7]",1.97,,,,,,,,,,,,,,,,,,,,0.0,0.0,0.0,,,,,,
B097_arr,2025-08-14 14:04:03.169614,arr,,0,0,0,5209.9,A'				! Run type,arr,1,,1100.0,54,1482.11,1600.0,1497.7803703703705,15.690314771877707,0.0,5409.9,5409.9,"[83.0, 250.5]","[0.0, 5209.9]","[0.0, 50.0]","[-13.1, -12.3061, -11.5121, -10.7182, -9.92424, -9.1303, -8.33636, -7.54242, -6.74848, -5.95455, 13.1]",0.109,49436.0,0.342747331,255.499985,23.172753492503542,8.179435047326505,2.60445487e-09,201.0,0.004752458189979181,0.916102803471458,510.999969,19518.533874987377,,,,,,,,,,,,,,,,,
B097_ray,2025-08-14 14:04:03.237391,ray,,0,0,0,5209.9,A' 0.0,ray,1,,1100.0,54,1482.11,1600.0,1497.7803703703705,15.690314771877707,0.0,5409.9,5409.9,"[112.1, 151.4, 176.8]","[0.0, 5209.9]","[0.0, 50.0]","[-11.5, -10.35, -9.2, -8.05, -6.9, -5.75, -4.6, -3.45, -2.3, -1.15, 11.5]",0.0156,,,,,,,,,,,,1.0,19429.0,50512.10598935875,5209.901039749527,6328726.517723633,439.1214333804902,188.0,0.0,,,,,,,,,
B097_shd,2025-08-14 14:04:03.455019,shd,,0,0,0,5209.9,C'				! Run type,shd,1,,1100.0,54,1482.11,1600.0,1497.7803703703705,15.690314771877707,0.0,5409.9,5409.9,[92.7],"[0.0, 5209.9]","[0.0, 50.0]","[-73.6, -73.5873, -73.5746, -73.5619, -73.5492, -73.5365, -73.5239, -73.5112, -73.4985, -73.4858, 71.6]",1.58,,,,,,,,,,,,,,,,,,,,0.0,0.0,0.0,,,,,,
B098_arr,2025-08-14 14:04:03.775120,arr,,0,0,0,498.9,A'				! Run type,arr,1,,2356.0,27,1488.26,1600.0,1499.4622222222224,20.16195341310209,0.0,698.9,698.9,"[82.5, 135.5]","[0.0, 498.9]","[0.0, 50.0]","[-24.2, -22.8919, -21.5838, -20.2757, -18.9676, -17.6595, -16.3514, -15.0432, -13.7351, -12.427, 24.2]",0.656,300016.0,0.182840779,274.5,18.57848625821397,8.91925099657607,1.70869187e-11,201.0,0.0008370951641902659,0.3748890594277021,549.0,655471.4097342715,,,,,,,,,,,,,,,,,
B098_ray,2025-08-14 14:04:04.173291,ray,,0,0,0,498.9,A' 0.0,ray,1,,2356.0,27,1488.26,1600.0,1499.4622222222224,20.16195341310209,0.0,698.9,698.9,"[111.1, 181.5]","[0.0, 498.9]","[0.0, 50.0]","[-16.0, -14.6667, -13.3333, -12.0, -10.6667, -9.33333, -8.0, -6.66667, -5.33333, -4.0, 16.0]",0.156,,,,,,,,,,,,1.0,110794.0,50049.09381579359,498.9001418698971,5004939.237919118,525.3374313664046,107.0,0.0,,,,,,,,,
B098_shd,2025-08-14 14:04:05.400146,shd,,0,0,0,498.9,C'				! Run type,shd,1,,2356.0,27,1488.26,1600.0,1499.4622222222224,20.16195341310209,0.0,698.9,698.9,[122.0],"[0.0, 498.9]","[0.0, 50.0]","[-72.6, -72.5941, -72.5881, -72.5822, -72.5763, -72.5703, -72.5644, -72.5585, -72.5525, -72.5466, 77.2]",4.23,,,,,,,,,,,,,,,,,,,,0.0,0.0,0.0,,,,,,
B099_arr,2025-08-14 14:04:05.716321,arr,,0,0,0,2942.8,A'				! Run type,arr,1,,1756.0,39,1482.82,1600.0,1498.2358974358974,17.930039071839342,0.0,3142.8,3142.8,"[119.0, 251.2, 299.0]","[0.0, 2942.8]","[0.0, 50.0]","[-15.7, -14.13, -12.56, -10.99, -9.42, -7.85, -6.28, -4.71, -3.14, -1.57, 15.7]",0.234,111326.0,0.15258503,230.0,19.604974441634827,7.751933204933062,2.51494464e-10,201.0,0.0021092310737842305,0.6095367061154948,460.0,23795.507169978755,,,,,,,,,,,,,,,,,
B099_ray,2025-08-14 14:04:05.861837,ray,,0,0,0,2942.8,A' 0.0,ray,1,,1756.0,39,1482.82,1600.0,1498.2358974358974,17.930039071839342,0.0,3142.8,3142.8,"[40.8, 119.7, 244.5]","[0.0, 2942.8]","[0.0, 50.0]","[-17.1, -16.1229, -15.1457, -14.1686, -13.1914, -12.2143, -11.2371, -10.26, -9.28286, -8.30571, 17.1]",0.0938,,,,,,,,,,,,1.0,57092.0,50289.22062430845,2942.800838259614,10918034.72307718,750.579569777611,311.0,0.0,,,,,,,,,
B099_shd,2025-08-14 14:04:06.505449,shd,,0,0,0,2942.8,C'				! Run type,shd,1,,1756.0,39,1482.82,1600.0,1498.2358974358974,17.930039071839342,0.0,3142.8,3142.8,[168.4],"[0.0, 2942.8]","[0.0, 50.0]","[-79.4, -79.3903, -79.3806, -79.3709, -79.3611, -79.3514, -79.3417, -79.332, -79.3223, -79.3126, 75.8]",2.0,,,,,,,,,,,,,,,,,,,,0.0,0.0,0.0,,,,,,
B100_arr,2025-08-14 14:04:06.820342,arr,,0,0,0,2556.6,A'				! Run type,arr,1,,862.3,44,1460.0,1600.0,1468.103181818182,20.978705304180934,0.0,2756.6,2756.6,"[62.4, 99.1, 148.1]","[0.0, 2556.6]","[0.0, 50.0]","[-23.7, -22.4526, -21.2053, -19.9579, -18.7105, -17.4632, -16.2158, -14.9684, -13.7211, -12.4737, 23.7]",0.453,359896.0,0.179037213,262.0,23.409042335403473,8.339182968426707,3.94762611e-10,201.0,0.0007087005463656265,0.3440854740257264,524.0,49993.06352646561,,,,,,,,,,,,,,,,,
B100_ray,2025-08-14 14:04:07.303931,ray,,0,0,0,2556.6,A' 0.0,ray,1,,862.3,44,1460.0,1600.0,1468.103181818182,20.978705304180934,0.0,2756.6,2756.6,[114.4],"[0.0, 2556.6]","[0.0, 50.0]","[-16.6, -15.6235, -14.6471, -13.6706, -12.6941, -11.7176, -10.7412, -9.76471, -8.78824, -7.81176, 16.6]",0.0156,,,,,,,,,,,,1.0,17809.0,50242.99595565789,2556.600560948133,3489349.3098699315,235.8084812847913,104.0,0.0,,,,,,,,,
B100_shd,2025-08-14 14:04:07.500334,shd,,0,0,0,2556.6,C'				! Run type,shd,1,,862.3,44,1460.0,1600.0,1468.103181818182,20.978705304180934,0.0,2756.6,2756.6,[148.6],"[0.0, 2556.6]","[0.0, 50.0]","[-73.3, -73.2848, -73.2696, -73.2544, -73.2391, -73.2239, -73.2087, -73.1935, -73.1783, -73.1631, 81.2]",1.23,,,,,,,,,,,,,,,,,,,,0.0,0.0,0.0,,,,,,
